id,edad,ingresos_mensuales,genero,ciudad,compra
1,52,6117,Masculino,Cartagena,1
2,59,6055,Femenino,Cali,1
3,23,3339,Femenino,Medellín,0
4,46,7518,Femenino,Barranquilla,1
5,43,2050,Femenino,Bogotá,1
6,57,6184,Femenino,Barranquilla,1
7,33,3571,Masculino,Cali,0
8,25,5059,Femenino,Bogotá,0
9,31,5730,Femenino,Medellín,0
10,46,3141,Masculino,Barranquilla,1
11,41,3354,Masculino,Barranquilla,0
12,59,3483,Masculino,Cali,0
13,60,7556,Masculino,Cali,0
14,32,3554,Masculino,Cartagena,0
15,25,3467,Femenino,Cartagena,1
16,41,3815,Femenino,Cali,0
17,27,7714,Femenino,Medellín,0
18,51,4446,Masculino,Medellín,0
19,42,4504,Femenino,Cali,0
20,25,4747,Masculino,Cali,1
21,60,4060,Masculino,Cali,0
22,65,3297,Femenino,Medellín,0
23,51,3965,Masculino,Bogotá,1
24,24,1069,Femenino,Cartagena,0
25,37,827,Femenino,Cali,1
26,37,7800,Femenino,Barranquilla,0
27,33,2124,Femenino,Cartagena,1
28,34,7786,Masculino,Medellín,0
29,38,6348,Masculino,Cali,0
30,36,3007,Femenino,Cali,1
31,58,7422,Masculino,Bogotá,1
32,58,5265,Femenino,Cartagena,1
33,20,7145,Masculino,Bogotá,1
34,33,7048,Femenino,Cartagena,0
35,44,4022,Masculino,Cartagena,0
36,57,5582,Masculino,Cali,1
37,32,1640,Femenino,Barranquilla,1
38,60,2746,Masculino,Medellín,0
39,47,4673,Masculino,Cartagena,1
40,26,4707,Femenino,Bogotá,1
41,40,3331,Femenino,Medellín,0
42,25,3281,Femenino,Medellín,1
43,55,7322,Masculino,Cali,0
44,45,1332,Masculino,Bogotá,0
45,38,1332,Femenino,Cali,1
46,33,4355,Femenino,Cali,0
47,41,3047,Masculino,Medellín,1
48,20,1489,Masculino,Cali,0
49,38,5403,Masculino,Barranquilla,1
50,42,5568,Masculino,Cali,0
51,48,2866,Femenino,Medellín,0
52,33,3002,Femenino,Cali,0
53,36,1015,Masculino,Bogotá,1
54,33,5166,Femenino,Cali,0
55,24,4171,Masculino,Bogotá,1
56,51,3904,Femenino,Cali,0
57,23,6406,Femenino,Cartagena,0
58,40,3684,Masculino,Bogotá,1
59,19,6655,Femenino,Medellín,0
60,23,6649,Femenino,Barranquilla,0
61,53,3468,Masculino,Barranquilla,1
62,59,4266,Femenino,Medellín,1
63,41,2830,Masculino,Cartagena,1
64,52,2915,Femenino,Cali,0
65,51,2447,Masculino,Cartagena,1
66,24,2123,Masculino,Cartagena,1
67,58,3278,Masculino,Cartagena,0
68,55,4753,Femenino,Cali,0
69,55,5037,Masculino,Barranquilla,1
70,32,6806,Masculino,Barranquilla,0
71,52,2347,Femenino,Barranquilla,0
72,36,1158,Masculino,Medellín,1
73,28,4321,Femenino,Cali,1
74,34,2821,Masculino,Medellín,0
75,38,7931,Femenino,Medellín,0
76,50,1689,Femenino,Cartagena,1
77,41,2164,Masculino,Barranquilla,0
78,56,5836,Femenino,Barranquilla,1
79,59,1368,Masculino,Barranquilla,1
80,56,5788,Masculino,Barranquilla,1
81,26,1305,Masculino,Barranquilla,1
82,56,7330,Masculino,Medellín,0
83,58,1044,Masculino,Barranquilla,0
84,47,7930,Masculino,Medellín,0
85,30,2881,Masculino,Barranquilla,1
86,65,7374,Masculino,Barranquilla,1
87,50,5629,Femenino,Medellín,0
88,46,1760,Femenino,Cali,0
89,32,2909,Femenino,Cartagena,1
90,41,7102,Masculino,Cali,0
91,40,7577,Femenino,Barranquilla,1
92,58,6929,Masculino,Cali,1
93,55,7351,Femenino,Barranquilla,1
94,61,3101,Femenino,Bogotá,0
95,41,2117,Femenino,Cartagena,0
96,33,4782,Masculino,Medellín,1
97,26,4661,Femenino,Cali,1
98,29,7314,Femenino,Bogotá,1
99,42,4788,Masculino,Cartagena,1
100,47,7764,Femenino,Cartagena,1
101,50,2539,Femenino,Cartagena,0
102,32,5648,Femenino,Cartagena,1
103,56,3405,Femenino,Cartagena,1
104,65,6496,Femenino,Cartagena,0
105,56,3227,Masculino,Cali,1
106,44,1069,Femenino,Cali,0
107,28,5712,Masculino,Medellín,0
108,49,2360,Masculino,Cali,0
109,57,3462,Femenino,Cali,0
110,30,883,Femenino,Barranquilla,1
111,58,2176,Masculino,Barranquilla,0
112,24,1037,Femenino,Barranquilla,1
113,49,7395,Masculino,Cali,1
114,26,3388,Femenino,Cali,0
115,37,4078,Masculino,Medellín,1
116,60,1915,Femenino,Cali,0
117,23,7906,Masculino,Cali,1
118,45,6254,Femenino,Cartagena,0
119,49,5018,Masculino,Barranquilla,1
120,31,6478,Femenino,Cartagena,1
121,31,3630,Masculino,Bogotá,1
122,31,7141,Masculino,Medellín,0
123,48,5937,Masculino,Bogotá,0
124,30,7092,Femenino,Cartagena,1
125,60,7562,Masculino,Cali,0
126,47,6647,Masculino,Medellín,0
127,59,7449,Femenino,Cali,1
128,48,6510,Masculino,Bogotá,1
129,20,6088,Masculino,Cartagena,1
130,53,6143,Masculino,Barranquilla,1
131,59,6469,Femenino,Barranquilla,0
132,29,2915,Masculino,Cali,0
133,31,5656,Masculino,Medellín,1
134,52,4297,Masculino,Medellín,1
135,41,2040,Femenino,Bogotá,1
136,58,1610,Masculino,Medellín,0
137,27,6052,Masculino,Medellín,0
138,28,4590,Masculino,Cartagena,0
139,58,7132,Masculino,Cartagena,1
140,60,5945,Masculino,Cali,1
141,35,6799,Femenino,Bogotá,0
142,29,6610,Masculino,Cali,0
143,52,7624,Masculino,Barranquilla,1
144,24,2834,Femenino,Medellín,1
145,49,2237,Femenino,Cartagena,1
146,25,2032,Masculino,Medellín,0
147,27,4504,Femenino,Bogotá,0
148,44,1460,Femenino,Medellín,0
149,32,4735,Femenino,Medellín,1
150,51,5394,Masculino,Medellín,0
151,60,1527,Femenino,Cartagena,1
152,63,2925,Femenino,Cali,0
153,65,4159,Masculino,Barranquilla,0
154,36,2840,Masculino,Cartagena,1
155,56,4863,Masculino,Cali,1
156,55,4138,Femenino,Medellín,1
157,29,4101,Masculino,Medellín,1
158,53,5813,Femenino,Cartagena,1
159,20,1299,Masculino,Medellín,0
160,31,2786,Masculino,Cartagena,1
161,30,7527,Femenino,Cali,0
162,19,5925,Masculino,Cali,1
163,42,2366,Masculino,Barranquilla,0
164,62,6512,Masculino,Barranquilla,0
165,25,1954,Masculino,Medellín,0
166,52,2899,Femenino,Cali,0
167,18,4055,Masculino,Medellín,1
168,39,2898,Femenino,Medellín,1
169,65,4531,Femenino,Medellín,0
170,42,6520,Femenino,Cali,0
171,50,5289,Masculino,Bogotá,1
172,41,2874,Masculino,Cali,0
173,22,2980,Masculino,Bogotá,1
174,23,3066,Femenino,Bogotá,1
175,33,5311,Masculino,Cali,1
176,31,7008,Masculino,Medellín,1
177,31,5727,Masculino,Bogotá,0
178,18,4698,Femenino,Medellín,0
179,61,5041,Masculino,Bogotá,1
180,59,5495,Masculino,Bogotá,1
181,45,3102,Femenino,Bogotá,1
182,23,1170,Masculino,Cali,0
183,44,3306,Masculino,Barranquilla,1
184,60,7289,Masculino,Cartagena,0
185,33,3012,Femenino,Barranquilla,1
186,59,3925,Masculino,Cartagena,1
187,62,3978,Femenino,Bogotá,1
188,65,1043,Masculino,Cali,0
189,49,7908,Femenino,Cali,1
190,35,4200,Masculino,Barranquilla,0
191,37,1028,Femenino,Bogotá,0
192,19,5300,Masculino,Medellín,1
193,59,2627,Femenino,Bogotá,1
194,28,6342,Masculino,Bogotá,0
195,37,926,Masculino,Bogotá,0
196,44,2781,Masculino,Barranquilla,0
197,36,6145,Masculino,Cali,1
198,64,2940,Femenino,Bogotá,1
199,27,7012,Femenino,Medellín,0
200,55,4614,Femenino,Barranquilla,0
201,58,7755,Femenino,Medellín,0
202,18,6369,Masculino,Bogotá,0
203,25,1142,Masculino,Cartagena,1
204,36,7888,Femenino,Medellín,1
205,23,4538,Femenino,Barranquilla,0
206,54,5047,Femenino,Cali,0
207,44,2613,Femenino,Cali,0
208,56,1735,Femenino,Barranquilla,0
209,42,3997,Masculino,Cartagena,1
210,32,3191,Femenino,Cali,1
211,63,1459,Masculino,Barranquilla,1
212,24,907,Masculino,Bogotá,0
213,28,4987,Femenino,Medellín,0
214,50,7760,Femenino,Cartagena,0
215,51,7731,Femenino,Barranquilla,1
216,40,5533,Masculino,Cartagena,1
217,30,7119,Masculino,Bogotá,0
218,30,4374,Femenino,Medellín,0
219,53,7758,Femenino,Cartagena,1
220,50,852,Femenino,Medellín,0
221,45,7224,Femenino,Barranquilla,0
222,59,1583,Masculino,Barranquilla,0
223,35,1914,Femenino,Bogotá,0
224,34,1846,Masculino,Cartagena,0
225,18,5115,Femenino,Cartagena,0
226,30,7393,Femenino,Barranquilla,1
227,54,6508,Femenino,Cali,0
228,18,5516,Masculino,Bogotá,0
229,19,1254,Masculino,Cali,0
230,19,4236,Femenino,Medellín,0
231,48,7868,Masculino,Cali,1
232,32,2434,Masculino,Barranquilla,0
233,34,5851,Femenino,Bogotá,0
234,49,5403,Femenino,Bogotá,1
235,50,5817,Femenino,Barranquilla,1
236,22,6616,Femenino,Medellín,0
237,62,1884,Masculino,Medellín,0
238,33,4699,Femenino,Cartagena,0
239,52,1252,Femenino,Medellín,1
240,25,7480,Femenino,Bogotá,1
241,36,5058,Masculino,Cali,0
242,22,5411,Masculino,Medellín,0
243,53,1073,Masculino,Barranquilla,0
244,31,3145,Femenino,Cali,1
245,47,5858,Masculino,Cartagena,0
246,60,3111,Masculino,Medellín,0
247,33,1873,Masculino,Cartagena,0
248,18,3884,Femenino,Cartagena,1
249,27,3906,Masculino,Bogotá,1
250,33,4945,Femenino,Medellín,1
251,22,4402,Femenino,Cali,0
252,41,7218,Masculino,Barranquilla,0
253,44,1202,Femenino,Cartagena,1
254,18,4749,Femenino,Cali,0
255,44,7345,Masculino,Cartagena,0
256,41,6147,Femenino,Barranquilla,1
257,22,7497,Femenino,Bogotá,0
258,55,3197,Masculino,Bogotá,0
259,23,7288,Masculino,Bogotá,1
260,49,4389,Femenino,Barranquilla,0
261,46,4092,Masculino,Cali,0
262,27,3198,Femenino,Cartagena,1
263,19,5055,Masculino,Bogotá,0
264,36,4239,Femenino,Barranquilla,0
265,63,929,Femenino,Bogotá,1
266,51,7861,Masculino,Cali,0
267,34,7735,Masculino,Bogotá,1
268,52,1716,Femenino,Barranquilla,0
269,63,5754,Femenino,Cartagena,1
270,61,3923,Femenino,Barranquilla,1
271,21,6855,Masculino,Bogotá,0
272,34,997,Masculino,Bogotá,0
273,62,6596,Masculino,Cartagena,1
274,56,4490,Masculino,Medellín,0
275,28,6431,Femenino,Bogotá,1
276,51,2598,Masculino,Barranquilla,1
277,27,2555,Femenino,Cali,1
278,43,7321,Masculino,Cali,1
279,56,2027,Masculino,Barranquilla,0
280,56,5914,Femenino,Cali,0
281,55,5049,Masculino,Medellín,0
282,61,6072,Femenino,Bogotá,0
283,29,1358,Masculino,Cartagena,0
284,44,4264,Masculino,Barranquilla,0
285,57,3974,Masculino,Cali,0
286,41,2692,Femenino,Medellín,1
287,26,6433,Masculino,Medellín,0
288,52,3191,Femenino,Cali,1
289,59,3745,Masculino,Barranquilla,0
290,58,6431,Masculino,Cali,1
291,26,6190,Femenino,Barranquilla,0
292,50,945,Masculino,Barranquilla,0
293,22,5076,Masculino,Bogotá,0
294,53,2177,Masculino,Cali,1
295,64,1459,Masculino,Cartagena,1
296,63,3391,Femenino,Cartagena,0
297,19,7753,Masculino,Cartagena,1
298,52,1305,Masculino,Cali,0
299,55,3185,Masculino,Medellín,0
300,20,4192,Masculino,Cali,1
301,54,4755,Femenino,Cartagena,1
302,33,4373,Femenino,Cartagena,1
303,30,5431,Femenino,Bogotá,0
304,45,3535,Masculino,Medellín,0
305,24,7342,Masculino,Medellín,1
306,24,4226,Femenino,Medellín,0
307,26,7035,Femenino,Medellín,1
308,46,6632,Masculino,Bogotá,0
309,40,3388,Masculino,Bogotá,0
310,25,7872,Femenino,Bogotá,1
311,47,5286,Masculino,Medellín,1
312,31,5227,Femenino,Cartagena,0
313,64,3221,Masculino,Barranquilla,0
314,35,7951,Femenino,Barranquilla,0
315,25,4691,Femenino,Cali,1
316,58,5199,Masculino,Bogotá,0
317,31,2563,Masculino,Medellín,1
318,46,6656,Femenino,Barranquilla,1
319,52,813,Femenino,Bogotá,0
320,50,5839,Femenino,Barranquilla,0
321,26,6125,Masculino,Cali,0
322,36,3655,Masculino,Medellín,0
323,31,4783,Femenino,Medellín,1
324,40,3799,Masculino,Medellín,0
325,37,1314,Masculino,Cali,0
326,65,3136,Femenino,Medellín,0
327,31,5946,Masculino,Cali,1
328,57,4002,Femenino,Bogotá,0
329,21,6189,Femenino,Cali,1
330,34,5673,Masculino,Medellín,1
331,21,8000,Masculino,Barranquilla,0
332,19,3043,Masculino,Cali,1
333,48,1856,Femenino,Cartagena,0
334,49,5478,Masculino,Cartagena,1
335,22,876,Femenino,Cartagena,1
336,22,2356,Masculino,Bogotá,0
337,19,5353,Femenino,Medellín,0
338,53,6128,Masculino,Cali,0
339,43,7730,Femenino,Cartagena,0
340,41,5755,Masculino,Cartagena,1
341,49,4461,Femenino,Cali,0
342,29,2728,Femenino,Barranquilla,0
343,20,4384,Masculino,Cali,0
344,22,3595,Masculino,Cartagena,0
345,19,880,Femenino,Medellín,1
346,51,1610,Femenino,Medellín,1
347,19,5345,Femenino,Medellín,1
348,57,2893,Masculino,Barranquilla,0
349,41,3385,Masculino,Cali,1
350,50,5804,Femenino,Bogotá,1
351,36,5378,Masculino,Medellín,0
352,46,6017,Femenino,Cartagena,0
353,35,7265,Masculino,Cali,1
354,37,7629,Femenino,Medellín,0
355,20,2716,Masculino,Cali,0
356,18,2568,Masculino,Bogotá,0
357,32,818,Femenino,Cartagena,1
358,43,2519,Femenino,Cali,0
359,45,3698,Femenino,Cartagena,0
360,33,7757,Femenino,Cartagena,0
361,59,3693,Masculino,Cartagena,1
362,55,5213,Femenino,Bogotá,1
363,29,1995,Masculino,Cartagena,0
364,52,4631,Masculino,Cartagena,0
365,65,6763,Masculino,Barranquilla,1
366,58,4095,Femenino,Medellín,0
367,51,3435,Femenino,Medellín,1
368,48,3269,Masculino,Bogotá,1
369,21,6440,Masculino,Cali,0
370,49,5995,Femenino,Cali,1
371,23,7773,Masculino,Cartagena,1
372,59,1079,Masculino,Bogotá,1
373,28,7401,Masculino,Medellín,1
374,35,7977,Femenino,Barranquilla,0
375,21,7098,Masculino,Cali,0
376,26,1782,Femenino,Bogotá,0
377,20,1188,Femenino,Medellín,0
378,20,6031,Femenino,Bogotá,0
379,49,5136,Masculino,Bogotá,0
380,35,3260,Femenino,Bogotá,1
381,55,1054,Femenino,Medellín,1
382,27,7375,Femenino,Barranquilla,1
383,39,4006,Masculino,Cali,0
384,23,3136,Femenino,Cartagena,1
385,21,2331,Masculino,Barranquilla,0
386,44,2595,Femenino,Medellín,0
387,53,5380,Masculino,Cartagena,0
388,61,5266,Femenino,Medellín,1
389,33,4046,Femenino,Barranquilla,0
390,43,3901,Femenino,Cartagena,0
391,49,3080,Femenino,Barranquilla,1
392,59,4267,Femenino,Cali,0
393,36,1989,Masculino,Bogotá,1
394,53,7680,Masculino,Cartagena,1
395,39,3578,Femenino,Medellín,1
396,45,1130,Femenino,Cali,1
397,31,4728,Masculino,Medellín,0
398,58,4913,Masculino,Cali,1
399,59,5018,Femenino,Cali,1
400,60,2686,Femenino,Cali,1
401,63,4554,Masculino,Cartagena,1
402,37,1953,Masculino,Barranquilla,1
403,35,7924,Masculino,Medellín,1
404,18,7178,Femenino,Barranquilla,0
405,41,3437,Femenino,Cartagena,1
406,37,4656,Masculino,Medellín,0
407,45,1476,Femenino,Bogotá,1
408,54,6944,Masculino,Medellín,1
409,64,5417,Femenino,Barranquilla,0
410,44,1067,Masculino,Barranquilla,1
411,29,1149,Masculino,Medellín,1
412,62,6183,Masculino,Barranquilla,1
413,39,993,Femenino,Barranquilla,0
414,18,1686,Masculino,Cali,1
415,26,2829,Masculino,Cartagena,0
416,28,7511,Masculino,Cali,1
417,27,7523,Femenino,Bogotá,1
418,29,7595,Masculino,Barranquilla,0
419,63,3104,Masculino,Cartagena,1
420,57,1587,Masculino,Bogotá,1
421,29,2460,Masculino,Medellín,1
422,48,5058,Femenino,Medellín,0
423,21,1743,Femenino,Cartagena,1
424,35,4074,Femenino,Barranquilla,0
425,47,2187,Femenino,Cali,1
426,20,4409,Masculino,Cartagena,1
427,47,2289,Masculino,Bogotá,0
428,51,6073,Masculino,Bogotá,0
429,44,5100,Masculino,Bogotá,1
430,37,6479,Masculino,Bogotá,0
431,33,3597,Masculino,Cali,0
432,53,6322,Femenino,Barranquilla,1
433,45,5578,Femenino,Barranquilla,0
434,49,3249,Femenino,Bogotá,0
435,53,3216,Femenino,Medellín,1
436,64,5691,Masculino,Bogotá,0
437,61,3200,Masculino,Bogotá,1
438,60,912,Masculino,Bogotá,0
439,47,2866,Masculino,Cali,1
440,59,1564,Femenino,Cali,0
441,46,4480,Masculino,Bogotá,1
442,49,5476,Femenino,Barranquilla,0
443,38,7338,Masculino,Medellín,0
444,29,1012,Femenino,Bogotá,0
445,31,6327,Masculino,Medellín,1
446,55,1494,Femenino,Medellín,0
447,40,4031,Masculino,Cali,0
448,18,1412,Masculino,Cali,1
449,20,5043,Femenino,Bogotá,0
450,53,5772,Femenino,Bogotá,0
451,53,4789,Femenino,Bogotá,1
452,52,960,Femenino,Cali,0
453,20,3216,Femenino,Barranquilla,0
454,34,3213,Femenino,Cartagena,1
455,41,2300,Femenino,Medellín,0
456,20,5119,Masculino,Cali,0
457,26,3488,Femenino,Cartagena,1
458,51,4606,Masculino,Cali,1
459,28,7106,Masculino,Cali,1
460,55,6712,Masculino,Cartagena,1
461,20,4823,Femenino,Cali,1
462,42,836,Masculino,Barranquilla,0
463,34,3691,Masculino,Cartagena,0
464,18,1064,Masculino,Cartagena,1
465,24,1425,Masculino,Medellín,0
466,31,3905,Femenino,Bogotá,1
467,49,7894,Femenino,Cartagena,1
468,30,3878,Masculino,Barranquilla,0
469,46,7490,Femenino,Cali,0
470,41,5329,Masculino,Cartagena,0
471,54,3206,Masculino,Bogotá,0
472,55,2800,Masculino,Cartagena,0
473,53,2634,Masculino,Barranquilla,1
474,27,7477,Masculino,Barranquilla,0
475,62,3732,Masculino,Cali,1
476,60,4584,Femenino,Barranquilla,0
477,51,2661,Masculino,Barranquilla,0
478,26,3322,Masculino,Medellín,0
479,36,6190,Femenino,Medellín,1
480,50,1090,Masculino,Cali,0
481,52,6855,Masculino,Bogotá,1
482,38,3282,Masculino,Cali,0
483,38,2070,Masculino,Barranquilla,1
484,60,3281,Masculino,Bogotá,1
485,38,1423,Femenino,Bogotá,0
486,54,5574,Masculino,Bogotá,1
487,63,4092,Femenino,Cartagena,1
488,54,5185,Femenino,Medellín,1
489,63,6732,Masculino,Barranquilla,0
490,52,4909,Femenino,Bogotá,1
491,34,7650,Femenino,Barranquilla,1
492,28,2157,Masculino,Barranquilla,0
493,23,1303,Femenino,Cali,1
494,61,4370,Femenino,Bogotá,0
495,45,3296,Masculino,Cali,0
496,62,4203,Masculino,Barranquilla,1
497,36,4933,Masculino,Cartagena,0
498,20,3203,Masculino,Barranquilla,0
499,25,5053,Femenino,Barranquilla,0
500,32,1848,Masculino,Medellín,1
501,35,7372,Masculino,Cartagena,0
502,50,7238,Femenino,Barranquilla,1
503,24,5624,Masculino,Bogotá,0
504,43,7267,Masculino,Bogotá,1
505,50,4578,Femenino,Bogotá,1
506,55,1475,Masculino,Medellín,0
507,21,7589,Masculino,Bogotá,1
508,23,3158,Masculino,Cali,1
509,46,6646,Femenino,Cali,0
510,63,5351,Femenino,Bogotá,0
511,54,6355,Femenino,Barranquilla,0
512,34,3525,Masculino,Medellín,0
513,49,3096,Femenino,Cali,1
514,65,6721,Masculino,Medellín,1
515,39,817,Masculino,Cartagena,0
516,61,4026,Masculino,Cartagena,0
517,51,3926,Masculino,Cartagena,1
518,34,7854,Masculino,Barranquilla,0
519,44,5496,Masculino,Medellín,0
520,27,2041,Femenino,Barranquilla,1
521,55,6768,Masculino,Bogotá,0
522,52,1975,Masculino,Medellín,1
523,54,5365,Masculino,Cartagena,0
524,57,2713,Femenino,Cartagena,1
525,22,7543,Femenino,Bogotá,0
526,28,3694,Masculino,Bogotá,1
527,26,6133,Femenino,Barranquilla,1
528,53,6640,Femenino,Bogotá,0
529,59,2711,Masculino,Medellín,0
530,21,6804,Femenino,Barranquilla,0
531,38,4584,Masculino,Cali,1
532,45,3818,Femenino,Barranquilla,0
533,44,5337,Masculino,Medellín,0
534,64,1694,Femenino,Cartagena,0
535,64,7017,Masculino,Barranquilla,0
536,43,6191,Masculino,Cartagena,0
537,38,3300,Masculino,Medellín,1
538,34,5001,Femenino,Barranquilla,0
539,31,2186,Femenino,Cartagena,1
540,42,3064,Femenino,Medellín,0
541,22,3931,Femenino,Medellín,0
542,62,5312,Femenino,Cali,1
543,61,1070,Masculino,Cali,0
544,53,2746,Femenino,Cali,0
545,29,1310,Masculino,Cartagena,1
546,46,5742,Femenino,Cali,0
547,54,1818,Masculino,Bogotá,1
548,55,6240,Masculino,Cali,0
549,26,2670,Masculino,Bogotá,0
550,49,1489,Femenino,Cali,1
551,51,5534,Masculino,Cartagena,1
552,32,3264,Femenino,Medellín,1
553,42,2542,Masculino,Cali,1
554,52,4652,Masculino,Medellín,1
555,44,2706,Femenino,Cali,1
556,40,1122,Masculino,Barranquilla,1
557,41,3375,Femenino,Cartagena,0
558,47,6612,Masculino,Bogotá,0
559,41,2692,Masculino,Cali,1
560,48,4747,Masculino,Cartagena,1
561,20,3035,Femenino,Cali,1
562,29,5799,Femenino,Cali,0
563,37,2473,Masculino,Barranquilla,1
564,22,1778,Femenino,Barranquilla,0
565,21,2824,Femenino,Cali,1
566,42,6367,Masculino,Medellín,1
567,49,6594,Femenino,Bogotá,1
568,56,5341,Masculino,Bogotá,1
569,32,7461,Femenino,Medellín,0
570,58,1442,Femenino,Cali,0
571,43,6209,Masculino,Bogotá,0
572,35,4954,Masculino,Cartagena,0
573,50,3841,Femenino,Cartagena,1
574,48,2391,Masculino,Barranquilla,1
575,52,3982,Femenino,Barranquilla,1
576,34,6266,Femenino,Barranquilla,1
577,40,6678,Masculino,Bogotá,0
578,63,3343,Femenino,Cali,0
579,30,3272,Masculino,Bogotá,1
580,48,6245,Masculino,Medellín,1
581,55,5374,Masculino,Medellín,0
582,36,3370,Femenino,Medellín,1
583,33,4790,Femenino,Cali,0
584,57,3969,Masculino,Bogotá,0
585,27,3369,Masculino,Medellín,0
586,38,5791,Femenino,Bogotá,1
587,62,4401,Masculino,Barranquilla,1
588,19,2798,Femenino,Bogotá,1
589,56,5256,Masculino,Barranquilla,0
590,58,4379,Femenino,Cartagena,0
591,37,6801,Masculino,Bogotá,1
592,46,6798,Femenino,Barranquilla,1
593,21,5909,Masculino,Barranquilla,1
594,43,2300,Masculino,Barranquilla,0
595,27,2093,Femenino,Medellín,0
596,45,6982,Masculino,Medellín,1
597,32,861,Masculino,Barranquilla,0
598,54,1662,Femenino,Cali,1
599,19,4837,Masculino,Medellín,0
600,54,2536,Masculino,Medellín,0
601,57,6149,Masculino,Barranquilla,0
602,28,5585,Masculino,Barranquilla,0
603,28,6017,Masculino,Barranquilla,1
604,29,5961,Masculino,Medellín,1
605,27,2783,Femenino,Medellín,1
606,53,7321,Masculino,Cali,1
607,29,3888,Masculino,Cartagena,1
608,32,3576,Masculino,Bogotá,1
609,27,6071,Femenino,Medellín,1
610,31,6736,Femenino,Barranquilla,1
611,54,4662,Femenino,Barranquilla,0
612,18,3067,Femenino,Barranquilla,0
613,36,3021,Femenino,Cali,0
614,23,6741,Masculino,Bogotá,0
615,35,5401,Femenino,Cartagena,1
616,60,3068,Femenino,Barranquilla,1
617,28,7643,Masculino,Barranquilla,0
618,30,3447,Femenino,Cartagena,0
619,36,4559,Femenino,Cartagena,0
620,65,7354,Masculino,Medellín,0
621,50,2824,Masculino,Cartagena,0
622,63,2442,Masculino,Medellín,1
623,58,6898,Femenino,Bogotá,0
624,62,3691,Femenino,Bogotá,1
625,27,3302,Masculino,Bogotá,0
626,54,1039,Masculino,Cartagena,0
627,35,1847,Femenino,Barranquilla,0
628,36,7393,Masculino,Barranquilla,1
629,20,6536,Masculino,Barranquilla,1
630,48,5925,Femenino,Cartagena,1
631,41,6796,Femenino,Barranquilla,1
632,53,6325,Femenino,Bogotá,0
633,32,5934,Femenino,Cali,1
634,50,5647,Femenino,Medellín,1
635,53,4250,Femenino,Cartagena,1
636,35,5663,Masculino,Medellín,0
637,49,5003,Masculino,Cali,1
638,20,7974,Masculino,Bogotá,0
639,30,3915,Femenino,Cali,0
640,60,1005,Femenino,Cartagena,0
641,60,7711,Femenino,Medellín,1
642,31,2839,Femenino,Cartagena,1
643,55,6565,Masculino,Cali,0
644,35,4771,Masculino,Bogotá,1
645,58,1498,Masculino,Cali,1
646,63,4065,Masculino,Cali,1
647,65,5211,Masculino,Cartagena,0
648,44,2066,Femenino,Medellín,1
649,25,3936,Femenino,Bogotá,1
650,27,7098,Masculino,Cali,1
651,25,2384,Femenino,Cartagena,0
652,40,5202,Femenino,Medellín,0
653,32,2761,Masculino,Cali,0
654,46,1061,Masculino,Cartagena,0
655,38,7646,Femenino,Medellín,1
656,36,6409,Femenino,Cartagena,1
657,61,2427,Masculino,Bogotá,0
658,34,6235,Femenino,Cartagena,0
659,50,4097,Femenino,Bogotá,1
660,50,4489,Femenino,Cali,1
661,58,7687,Masculino,Bogotá,1
662,32,1919,Femenino,Barranquilla,0
663,26,5084,Masculino,Bogotá,1
664,33,4033,Femenino,Bogotá,0
665,40,4748,Masculino,Bogotá,0
666,57,3333,Femenino,Cali,1
667,33,6987,Femenino,Bogotá,0
668,46,7764,Femenino,Cali,0
669,37,4139,Masculino,Medellín,1
670,55,4698,Femenino,Bogotá,0
671,42,1605,Masculino,Cartagena,1
672,32,4206,Femenino,Barranquilla,0
673,39,4664,Masculino,Medellín,1
674,51,2500,Masculino,Medellín,1
675,24,2071,Femenino,Cali,0
676,35,860,Masculino,Cali,1
677,22,4077,Masculino,Medellín,1
678,31,1708,Femenino,Cali,1
679,35,2300,Masculino,Cartagena,1
680,19,7378,Femenino,Cartagena,0
681,47,2390,Femenino,Medellín,1
682,30,4423,Masculino,Cartagena,0
683,42,7853,Masculino,Cali,0
684,35,4352,Femenino,Barranquilla,1
685,40,5340,Femenino,Barranquilla,0
686,38,4319,Masculino,Medellín,1
687,30,3201,Masculino,Cali,0
688,51,4662,Femenino,Medellín,1
689,26,892,Femenino,Bogotá,1
690,61,7496,Femenino,Barranquilla,1
691,60,7944,Masculino,Bogotá,1
692,46,6008,Masculino,Barranquilla,1
693,56,6865,Femenino,Medellín,1
694,27,1699,Masculino,Barranquilla,0
695,33,2363,Masculino,Bogotá,1
696,51,3965,Femenino,Bogotá,1
697,35,4024,Masculino,Cartagena,1
698,25,1600,Femenino,Cali,0
699,46,6336,Femenino,Barranquilla,1
700,27,5813,Masculino,Bogotá,0
701,26,5845,Masculino,Barranquilla,1
702,60,4157,Femenino,Medellín,1
703,54,4868,Femenino,Medellín,1
704,46,1250,Masculino,Cartagena,0
705,58,4484,Femenino,Cali,1
706,51,6608,Masculino,Cartagena,1
707,24,5673,Masculino,Barranquilla,0
708,40,2226,Femenino,Bogotá,1
709,43,3162,Femenino,Bogotá,0
710,50,4124,Masculino,Medellín,0
711,26,1485,Femenino,Cartagena,0
712,38,5197,Femenino,Bogotá,0
713,61,3193,Femenino,Bogotá,0
714,37,3569,Masculino,Bogotá,0
715,61,6640,Masculino,Cali,0
716,20,2177,Femenino,Barranquilla,0
717,58,5396,Femenino,Barranquilla,0
718,24,6369,Femenino,Medellín,0
719,58,3079,Femenino,Barranquilla,1
720,21,5901,Masculino,Bogotá,1
721,53,6886,Masculino,Cali,1
722,56,7096,Femenino,Medellín,0
723,43,2527,Femenino,Medellín,1
724,51,1993,Masculino,Bogotá,1
725,35,1119,Femenino,Medellín,0
726,41,4340,Masculino,Bogotá,1
727,55,4862,Masculino,Cali,1
728,29,7172,Masculino,Bogotá,0
729,22,3406,Femenino,Cartagena,1
730,56,4347,Femenino,Cali,0
731,57,1016,Masculino,Medellín,1
732,50,7028,Femenino,Barranquilla,1
733,48,2168,Femenino,Medellín,0
734,53,4764,Masculino,Bogotá,1
735,61,4732,Masculino,Bogotá,1
736,45,6151,Femenino,Barranquilla,1
737,64,3510,Femenino,Cartagena,0
738,34,2501,Masculino,Bogotá,0
739,57,3533,Masculino,Cali,0
740,28,5886,Masculino,Barranquilla,1
741,18,3427,Femenino,Bogotá,1
742,48,6591,Femenino,Barranquilla,0
743,51,5548,Femenino,Medellín,0
744,52,879,Femenino,Cali,0
745,26,6885,Masculino,Cartagena,0
746,22,7864,Masculino,Barranquilla,1
747,40,1413,Femenino,Bogotá,1
748,25,3414,Femenino,Medellín,0
749,56,3686,Masculino,Bogotá,1
750,59,6465,Masculino,Cali,1
751,53,2039,Femenino,Cartagena,0
752,61,7760,Masculino,Cartagena,1
753,46,2770,Masculino,Medellín,1
754,33,849,Femenino,Cali,0
755,48,5431,Femenino,Bogotá,0
756,32,5998,Masculino,Medellín,1
757,30,7535,Femenino,Medellín,0
758,30,7372,Femenino,Barranquilla,1
759,25,2904,Femenino,Cali,1
760,21,6793,Femenino,Medellín,1
761,28,2520,Masculino,Barranquilla,1
762,28,3974,Femenino,Cali,0
763,50,3942,Masculino,Barranquilla,0
764,37,6670,Masculino,Cali,0
765,63,5539,Masculino,Medellín,0
766,33,7345,Femenino,Cartagena,0
767,22,5501,Femenino,Medellín,1
768,35,959,Femenino,Cartagena,1
769,37,6992,Masculino,Medellín,1
770,43,7624,Femenino,Bogotá,1
771,25,6436,Masculino,Cali,1
772,29,3600,Masculino,Cali,1
773,43,3125,Femenino,Cali,0
774,41,3651,Femenino,Barranquilla,1
775,50,1803,Masculino,Bogotá,1
776,48,3898,Masculino,Cartagena,1
777,51,1512,Femenino,Medellín,0
778,46,4320,Masculino,Bogotá,1
779,20,5507,Femenino,Cali,1
780,18,3716,Masculino,Barranquilla,1
781,21,1811,Masculino,Bogotá,1
782,39,1311,Femenino,Cali,1
783,30,1022,Femenino,Barranquilla,0
784,60,1843,Masculino,Medellín,1
785,23,1095,Masculino,Bogotá,1
786,21,958,Femenino,Bogotá,0
787,56,5568,Femenino,Bogotá,1
788,21,4894,Masculino,Medellín,0
789,39,5579,Femenino,Cartagena,1
790,64,5580,Masculino,Bogotá,0
791,25,7891,Masculino,Bogotá,1
792,36,6548,Masculino,Cali,0
793,24,2862,Masculino,Barranquilla,1
794,59,3925,Masculino,Cali,0
795,56,2570,Masculino,Cali,1
796,24,5329,Femenino,Bogotá,0
797,45,5235,Femenino,Cali,1
798,23,820,Femenino,Cartagena,0
799,42,952,Femenino,Medellín,0
800,58,1856,Masculino,Cartagena,0
801,60,7323,Femenino,Cali,1
802,57,7053,Femenino,Bogotá,0
803,25,7178,Masculino,Cali,0
804,24,7734,Masculino,Cali,0
805,37,7794,Masculino,Medellín,0
806,62,2941,Masculino,Medellín,1
807,42,3428,Femenino,Barranquilla,0
808,42,3430,Femenino,Bogotá,1
809,28,6001,Femenino,Medellín,0
810,63,6697,Masculino,Barranquilla,0
811,60,4806,Masculino,Cartagena,1
812,56,3344,Femenino,Cali,0
813,21,6299,Masculino,Medellín,1
814,43,4600,Femenino,Barranquilla,1
815,24,3349,Femenino,Cali,0
816,56,2024,Femenino,Medellín,0
817,40,1691,Masculino,Cali,0
818,48,2245,Femenino,Cartagena,0
819,53,3499,Masculino,Cartagena,1
820,46,4791,Femenino,Medellín,0
821,34,2820,Femenino,Cartagena,1
822,62,3311,Masculino,Medellín,0
823,61,3930,Masculino,Barranquilla,0
824,34,5850,Masculino,Bogotá,0
825,61,2183,Masculino,Barranquilla,0
826,59,1162,Masculino,Bogotá,1
827,50,2333,Masculino,Cali,1
828,56,3122,Femenino,Medellín,0
829,37,3284,Masculino,Medellín,1
830,32,1656,Femenino,Cartagena,1
831,42,4898,Masculino,Cartagena,1
832,39,3770,Femenino,Cartagena,0
833,55,2157,Masculino,Medellín,0
834,38,2533,Femenino,Cartagena,0
835,48,2536,Masculino,Cali,0
836,33,6091,Femenino,Medellín,1
837,18,7030,Masculino,Medellín,1
838,51,6648,Masculino,Bogotá,0
839,53,2255,Femenino,Cartagena,0
840,27,2799,Femenino,Cartagena,0
841,65,7475,Masculino,Cartagena,1
842,20,1845,Femenino,Barranquilla,1
843,61,4430,Femenino,Barranquilla,0
844,49,851,Femenino,Cali,1
845,39,2458,Masculino,Bogotá,0
846,63,2129,Masculino,Barranquilla,1
847,32,2554,Femenino,Barranquilla,0
848,40,3616,Femenino,Medellín,1
849,61,4032,Femenino,Bogotá,1
850,30,2277,Masculino,Bogotá,0
851,18,1575,Femenino,Barranquilla,0
852,62,1050,Masculino,Barranquilla,0
853,35,6556,Femenino,Cali,0
854,42,4798,Femenino,Cali,1
855,33,6141,Masculino,Medellín,1
856,30,3307,Masculino,Bogotá,1
857,47,7983,Masculino,Barranquilla,1
858,54,5047,Masculino,Cartagena,0
859,19,2081,Masculino,Bogotá,0
860,41,4329,Femenino,Bogotá,1
861,50,7059,Masculino,Cartagena,1
862,32,2010,Femenino,Bogotá,1
863,27,7191,Masculino,Barranquilla,0
864,48,2361,Masculino,Barranquilla,0
865,29,6210,Masculino,Cali,0
866,50,2399,Femenino,Cartagena,0
867,59,2957,Femenino,Cali,1
868,62,5805,Masculino,Medellín,1
869,45,2799,Masculino,Cali,0
870,31,7874,Masculino,Barranquilla,1
871,55,3529,Femenino,Medellín,0
872,59,3236,Masculino,Cali,1
873,33,6890,Masculino,Medellín,0
874,47,4573,Femenino,Barranquilla,1
875,21,7681,Femenino,Bogotá,1
876,59,1586,Femenino,Medellín,0
877,39,4550,Femenino,Cali,0
878,36,5272,Femenino,Bogotá,0
879,46,3381,Masculino,Cartagena,1
880,40,6846,Femenino,Cartagena,0
881,64,6217,Femenino,Cartagena,0
882,46,7080,Femenino,Medellín,0
883,27,6837,Femenino,Barranquilla,0
884,36,6963,Masculino,Cali,1
885,25,2605,Femenino,Medellín,0
886,39,4288,Femenino,Barranquilla,1
887,25,6213,Femenino,Cartagena,1
888,24,2181,Masculino,Medellín,1
889,39,5983,Femenino,Medellín,0
890,60,5927,Femenino,Cali,1
891,57,3534,Femenino,Barranquilla,1
892,18,3876,Masculino,Cartagena,1
893,61,2284,Masculino,Cartagena,0
894,54,6353,Masculino,Cali,1
895,56,5226,Femenino,Barranquilla,0
896,38,5154,Femenino,Cali,1
897,61,2891,Femenino,Cali,0
898,56,1072,Femenino,Cali,1
899,26,2549,Femenino,Cartagena,1
900,26,7508,Femenino,Bogotá,0
901,19,6897,Masculino,Cali,0
902,55,2620,Femenino,Cartagena,0
903,47,4745,Femenino,Cartagena,1
904,53,4988,Masculino,Cartagena,1
905,50,6343,Masculino,Bogotá,1
906,64,7355,Femenino,Barranquilla,0
907,32,1130,Masculino,Cartagena,1
908,52,2571,Masculino,Bogotá,1
909,29,4413,Masculino,Medellín,1
910,61,6397,Femenino,Cali,0
911,48,4647,Masculino,Barranquilla,1
912,21,6082,Masculino,Medellín,1
913,64,1618,Masculino,Cali,1
914,57,7205,Femenino,Cartagena,0
915,32,6764,Femenino,Barranquilla,1
916,65,2537,Femenino,Medellín,0
917,25,1840,Masculino,Cali,1
918,48,1514,Masculino,Bogotá,1
919,63,3209,Masculino,Barranquilla,0
920,59,7226,Femenino,Barranquilla,0
921,22,7793,Masculino,Cartagena,1
922,30,1536,Femenino,Medellín,0
923,49,4827,Masculino,Barranquilla,1
924,64,4566,Masculino,Barranquilla,1
925,51,5854,Femenino,Cali,1
926,19,1118,Femenino,Barranquilla,0
927,51,2575,Masculino,Cali,1
928,59,7101,Femenino,Barranquilla,1
929,40,7726,Femenino,Barranquilla,0
930,55,2393,Femenino,Bogotá,1
931,45,7515,Femenino,Bogotá,0
932,64,4707,Femenino,Barranquilla,1
933,49,2837,Masculino,Barranquilla,0
934,63,7632,Masculino,Cali,0
935,58,903,Masculino,Medellín,0
936,45,4858,Masculino,Bogotá,0
937,52,7674,Masculino,Cali,0
938,56,3848,Masculino,Barranquilla,1
939,50,1206,Masculino,Medellín,0
940,47,4924,Femenino,Bogotá,0
941,24,4749,Masculino,Medellín,0
942,63,1193,Femenino,Cali,1
943,53,5336,Masculino,Cali,0
944,22,3877,Masculino,Cartagena,1
945,39,1183,Femenino,Barranquilla,1
946,45,3919,Masculino,Cartagena,0
947,43,7804,Masculino,Medellín,1
948,47,7996,Femenino,Medellín,0
949,35,1031,Femenino,Barranquilla,1
950,62,2487,Femenino,Barranquilla,0
951,33,2863,Masculino,Cali,1
952,63,6857,Masculino,Cali,1
953,34,7906,Femenino,Cali,1
954,34,6906,Masculino,Bogotá,1
955,55,1640,Femenino,Medellín,0
956,35,4771,Masculino,Medellín,0
957,41,4103,Masculino,Cali,1
958,64,3704,Masculino,Cali,0
959,47,4013,Masculino,Cartagena,1
960,46,5872,Masculino,Cartagena,0
961,33,5709,Masculino,Cali,0
962,18,2219,Masculino,Barranquilla,1
963,21,6764,Masculino,Cali,1
964,41,4126,Femenino,Cali,1
965,18,1382,Femenino,Medellín,1
966,24,2798,Femenino,Bogotá,0
967,59,2454,Masculino,Cali,0
968,49,1679,Masculino,Medellín,1
969,65,1251,Masculino,Medellín,0
970,61,4780,Masculino,Cartagena,0
971,45,1105,Femenino,Cali,1
972,63,3524,Masculino,Medellín,0
973,50,7579,Femenino,Cartagena,0
974,58,5364,Masculino,Cali,1
975,64,7663,Femenino,Cali,0
976,39,6793,Masculino,Bogotá,1
977,44,7395,Femenino,Barranquilla,0
978,52,5918,Femenino,Medellín,0
979,57,6384,Femenino,Medellín,1
980,18,1906,Masculino,Cali,1
981,28,5252,Masculino,Cali,1
982,56,7173,Masculino,Bogotá,0
983,60,3728,Masculino,Barranquilla,1
984,21,6016,Masculino,Barranquilla,0
985,52,6359,Masculino,Cartagena,1
986,26,2488,Femenino,Cartagena,1
987,28,1286,Masculino,Cali,1
988,59,2129,Masculino,Barranquilla,0
989,28,4464,Femenino,Bogotá,0
990,58,5323,Femenino,Cali,1
991,47,1515,Femenino,Medellín,1
992,55,5118,Masculino,Medellín,1
993,38,1396,Masculino,Cali,1
994,37,6401,Femenino,Barranquilla,1
995,30,5214,Masculino,Cartagena,0
996,28,803,Masculino,Cali,0
997,54,1216,Masculino,Cali,1
998,55,7191,Masculino,Cali,1
999,24,5504,Femenino,Medellín,1
1000,30,2205,Masculino,Barranquilla,0
1001,35,1729,Masculino,Cali,1
1002,29,5785,Masculino,Barranquilla,0
1003,20,1656,Femenino,Cartagena,0
1004,33,4908,Masculino,Barranquilla,0
1005,24,2788,Femenino,Cartagena,0
1006,51,5620,Femenino,Cali,0
1007,56,6995,Masculino,Bogotá,1
1008,24,6891,Masculino,Cali,0
1009,44,2686,Masculino,Barranquilla,0
1010,47,4854,Masculino,Cartagena,1
1011,21,5345,Femenino,Bogotá,0
1012,20,2366,Masculino,Barranquilla,0
1013,28,5915,Masculino,Cali,1
1014,62,874,Femenino,Cartagena,0
1015,52,7507,Masculino,Barranquilla,1
1016,53,4965,Masculino,Medellín,1
1017,40,2662,Femenino,Barranquilla,1
1018,48,4908,Femenino,Bogotá,0
1019,62,6873,Femenino,Cartagena,0
1020,46,2492,Femenino,Cartagena,0
1021,26,3260,Femenino,Medellín,1
1022,21,6342,Masculino,Bogotá,1
1023,54,3613,Masculino,Cali,1
1024,37,7674,Femenino,Cartagena,1
1025,50,7442,Masculino,Cartagena,1
1026,28,5442,Femenino,Medellín,0
1027,34,1082,Masculino,Bogotá,0
1028,51,6225,Masculino,Bogotá,1
1029,61,2340,Masculino,Medellín,0
1030,35,7327,Femenino,Cartagena,0
1031,63,7606,Femenino,Bogotá,1
1032,27,6974,Masculino,Medellín,1
1033,38,3082,Femenino,Bogotá,1
1034,34,3883,Masculino,Cali,1
1035,48,5921,Masculino,Barranquilla,1
1036,22,2745,Femenino,Medellín,1
1037,34,7500,Femenino,Cartagena,1
1038,33,2065,Masculino,Barranquilla,1
1039,31,4460,Masculino,Bogotá,1
1040,28,7635,Masculino,Barranquilla,1
1041,18,2793,Masculino,Bogotá,0
1042,44,1052,Femenino,Bogotá,1
1043,36,1480,Femenino,Barranquilla,0
1044,26,3468,Masculino,Bogotá,0
1045,55,6171,Femenino,Cali,0
1046,60,1587,Femenino,Medellín,1
1047,20,6560,Femenino,Barranquilla,1
1048,51,6496,Masculino,Barranquilla,1
1049,31,1309,Masculino,Cartagena,0
1050,46,7761,Femenino,Cartagena,0
1051,63,4176,Femenino,Cali,1
1052,53,3351,Masculino,Barranquilla,0
1053,18,7755,Femenino,Medellín,1
1054,60,5396,Femenino,Cartagena,0
1055,55,2484,Femenino,Cali,0
1056,38,7381,Femenino,Cartagena,0
1057,46,1248,Masculino,Bogotá,0
1058,29,6775,Femenino,Medellín,0
1059,30,4379,Masculino,Barranquilla,1
1060,41,3217,Masculino,Cartagena,0
1061,38,6846,Masculino,Cartagena,1
1062,29,3856,Femenino,Medellín,1
1063,47,3717,Femenino,Cali,1
1064,50,6724,Masculino,Barranquilla,1
1065,55,2367,Masculino,Medellín,1
1066,62,7722,Masculino,Medellín,0
1067,34,4065,Femenino,Cali,0
1068,23,4160,Masculino,Bogotá,0
1069,46,7395,Femenino,Cali,0
1070,23,2677,Femenino,Cartagena,1
1071,26,1063,Femenino,Cali,1
1072,50,4076,Femenino,Cali,1
1073,49,1626,Femenino,Bogotá,1
1074,30,3124,Masculino,Cali,0
1075,28,2789,Masculino,Medellín,0
1076,18,2739,Masculino,Medellín,0
1077,41,6354,Masculino,Medellín,1
1078,35,5360,Masculino,Barranquilla,0
1079,32,1470,Femenino,Barranquilla,0
1080,38,3234,Masculino,Cali,1
1081,27,3294,Femenino,Cartagena,0
1082,45,3873,Femenino,Barranquilla,0
1083,64,2771,Femenino,Bogotá,0
1084,41,7810,Femenino,Bogotá,0
1085,33,7895,Femenino,Barranquilla,1
1086,53,5330,Femenino,Barranquilla,1
1087,52,7310,Femenino,Barranquilla,1
1088,24,3493,Masculino,Barranquilla,1
1089,28,6002,Masculino,Barranquilla,1
1090,30,3043,Femenino,Bogotá,0
1091,61,6798,Femenino,Cali,0
1092,52,7532,Femenino,Barranquilla,0
1093,38,5559,Masculino,Cartagena,1
1094,38,1075,Masculino,Cali,1
1095,30,7302,Femenino,Cartagena,0
1096,19,981,Masculino,Cartagena,0
1097,51,2699,Femenino,Barranquilla,0
1098,29,5292,Femenino,Cali,1
1099,39,1458,Femenino,Cartagena,0
1100,33,2327,Masculino,Cartagena,1
1101,61,2732,Femenino,Medellín,0
1102,53,3117,Masculino,Bogotá,1
1103,39,7011,Femenino,Medellín,0
1104,55,6974,Femenino,Cartagena,0
1105,51,1970,Femenino,Cartagena,0
1106,52,2338,Femenino,Medellín,0
1107,54,5900,Masculino,Barranquilla,1
1108,21,6395,Femenino,Bogotá,0
1109,57,7837,Masculino,Bogotá,0
1110,53,6686,Femenino,Medellín,0
1111,35,7499,Femenino,Medellín,0
1112,29,4750,Masculino,Bogotá,1
1113,22,990,Femenino,Cali,1
1114,44,7172,Masculino,Cartagena,0
1115,45,6700,Femenino,Cali,1
1116,48,6202,Femenino,Medellín,1
1117,20,7498,Femenino,Medellín,0
1118,23,6555,Masculino,Barranquilla,1
1119,57,4919,Masculino,Medellín,0
1120,43,6059,Masculino,Cali,1
1121,25,6249,Masculino,Cartagena,0
1122,23,2317,Femenino,Barranquilla,1
1123,27,4633,Femenino,Cartagena,0
1124,18,6219,Femenino,Cartagena,0
1125,34,1011,Femenino,Bogotá,1
1126,47,5761,Femenino,Bogotá,0
1127,61,6624,Masculino,Bogotá,0
1128,26,7719,Masculino,Bogotá,0
1129,18,7610,Masculino,Cartagena,1
1130,31,6686,Masculino,Cartagena,0
1131,32,1685,Masculino,Cali,0
1132,42,1190,Masculino,Medellín,0
1133,36,5701,Masculino,Bogotá,1
1134,59,2070,Masculino,Medellín,1
1135,45,7411,Femenino,Barranquilla,1
1136,42,5508,Masculino,Cartagena,0
1137,26,4935,Femenino,Cartagena,0
1138,33,7241,Femenino,Barranquilla,1
1139,28,5786,Femenino,Bogotá,0
1140,55,3645,Masculino,Cartagena,1
1141,28,7361,Masculino,Barranquilla,1
1142,50,1955,Femenino,Medellín,0
1143,62,6168,Masculino,Bogotá,0
1144,36,6681,Femenino,Bogotá,0
1145,33,1967,Masculino,Medellín,1
1146,24,5681,Masculino,Barranquilla,0
1147,29,4066,Femenino,Barranquilla,0
1148,39,7177,Masculino,Medellín,1
1149,31,3058,Masculino,Barranquilla,0
1150,39,2780,Femenino,Cali,0
1151,46,7864,Masculino,Cartagena,1
1152,40,837,Masculino,Barranquilla,0
1153,58,6833,Masculino,Bogotá,0
1154,45,3125,Masculino,Medellín,0
1155,31,5336,Masculino,Cartagena,0
1156,34,5370,Masculino,Barranquilla,0
1157,34,3679,Masculino,Cali,1
1158,59,2107,Femenino,Cartagena,0
1159,58,5217,Masculino,Cali,1
1160,53,1356,Femenino,Bogotá,0
1161,59,6118,Masculino,Bogotá,0
1162,33,1563,Femenino,Medellín,0
1163,36,1236,Masculino,Cartagena,0
1164,42,2353,Femenino,Bogotá,1
1165,49,1367,Masculino,Cartagena,1
1166,27,990,Masculino,Medellín,0
1167,38,3506,Femenino,Cali,1
1168,38,7532,Femenino,Barranquilla,0
1169,47,5338,Femenino,Medellín,1
1170,19,4736,Masculino,Barranquilla,0
1171,19,7285,Masculino,Bogotá,0
1172,35,5460,Masculino,Barranquilla,1
1173,20,6302,Femenino,Medellín,0
1174,47,5341,Masculino,Cartagena,1
1175,35,1594,Masculino,Bogotá,1
1176,52,1312,Masculino,Barranquilla,0
1177,25,4493,Femenino,Bogotá,0
1178,22,5632,Femenino,Barranquilla,0
1179,63,5796,Femenino,Bogotá,1
1180,58,4833,Femenino,Medellín,1
1181,40,2377,Masculino,Barranquilla,0
1182,19,1180,Masculino,Medellín,1
1183,25,807,Masculino,Cali,1
1184,64,2055,Femenino,Barranquilla,1
1185,41,1483,Femenino,Cali,0
1186,18,2927,Femenino,Cali,1
1187,35,1335,Femenino,Cali,1
1188,53,3174,Masculino,Barranquilla,0
1189,32,1499,Femenino,Cartagena,0
1190,23,1514,Femenino,Bogotá,0
1191,59,2086,Femenino,Cali,1
1192,35,6646,Masculino,Bogotá,1
1193,23,6015,Masculino,Barranquilla,1
1194,30,6974,Masculino,Cartagena,0
1195,24,3586,Femenino,Barranquilla,0
1196,26,1135,Masculino,Barranquilla,0
1197,48,884,Masculino,Medellín,0
1198,40,4495,Femenino,Cartagena,0
1199,46,1242,Femenino,Barranquilla,1
1200,42,6068,Masculino,Cali,1
1201,28,7807,Femenino,Bogotá,0
1202,48,5455,Masculino,Medellín,1
1203,64,1973,Masculino,Barranquilla,1
1204,58,7578,Femenino,Cartagena,0
1205,37,3156,Femenino,Medellín,0
1206,54,6441,Masculino,Bogotá,1
1207,19,7052,Masculino,Barranquilla,0
1208,31,5646,Masculino,Barranquilla,0
1209,54,6734,Masculino,Cartagena,0
1210,32,997,Femenino,Bogotá,0
1211,33,5959,Masculino,Cartagena,1
1212,48,6345,Masculino,Cali,0
1213,43,6918,Masculino,Cartagena,1
1214,47,4984,Femenino,Barranquilla,0
1215,33,3466,Masculino,Bogotá,1
1216,34,4401,Masculino,Bogotá,0
1217,35,5263,Masculino,Cartagena,1
1218,51,5301,Femenino,Medellín,1
1219,43,1605,Femenino,Cali,1
1220,26,1472,Masculino,Medellín,1
1221,49,3673,Femenino,Barranquilla,1
1222,36,1971,Masculino,Medellín,1
1223,59,2379,Femenino,Cali,1
1224,31,1239,Femenino,Cartagena,1
1225,27,3334,Femenino,Bogotá,0
1226,63,5912,Masculino,Cali,1
1227,62,3058,Femenino,Medellín,0
1228,26,2129,Femenino,Barranquilla,1
1229,54,5556,Femenino,Barranquilla,0
1230,57,2442,Masculino,Cartagena,1
1231,39,4814,Femenino,Bogotá,1
1232,64,7142,Masculino,Cali,0
1233,31,4823,Femenino,Cali,1
1234,30,4807,Femenino,Bogotá,0
1235,22,4355,Femenino,Bogotá,0
1236,26,1654,Masculino,Bogotá,1
1237,59,6903,Femenino,Medellín,1
1238,59,3704,Masculino,Barranquilla,1
1239,48,1665,Masculino,Barranquilla,1
1240,33,1462,Femenino,Cali,0
1241,58,6275,Masculino,Medellín,1
1242,55,1351,Femenino,Barranquilla,1
1243,27,6768,Femenino,Medellín,0
1244,34,5235,Masculino,Medellín,0
1245,34,5655,Masculino,Cartagena,1
1246,27,3959,Masculino,Barranquilla,1
1247,25,4195,Femenino,Barranquilla,1
1248,48,2240,Masculino,Cartagena,1
1249,48,3898,Masculino,Barranquilla,0
1250,55,3143,Femenino,Barranquilla,1
1251,20,1691,Masculino,Bogotá,0
1252,65,4807,Femenino,Cali,1
1253,53,7751,Masculino,Cali,1
1254,51,3328,Masculino,Cali,0
1255,25,2037,Masculino,Cartagena,1
1256,36,6543,Masculino,Barranquilla,1
1257,63,822,Masculino,Cartagena,1
1258,41,4302,Masculino,Barranquilla,0
1259,62,1399,Femenino,Medellín,1
1260,30,2397,Masculino,Medellín,0
1261,33,5912,Masculino,Barranquilla,0
1262,33,7765,Masculino,Barranquilla,0
1263,57,1697,Femenino,Bogotá,1
1264,28,5803,Femenino,Cartagena,1
1265,40,3021,Femenino,Medellín,0
1266,19,5440,Femenino,Medellín,0
1267,23,5272,Femenino,Bogotá,1
1268,43,4285,Femenino,Cali,1
1269,18,3114,Femenino,Barranquilla,0
1270,43,6061,Femenino,Barranquilla,0
1271,19,3562,Femenino,Cartagena,1
1272,42,1926,Masculino,Bogotá,0
1273,38,1433,Femenino,Cali,0
1274,35,1954,Masculino,Barranquilla,1
1275,26,2166,Femenino,Bogotá,1
1276,61,6003,Femenino,Bogotá,1
1277,65,5349,Masculino,Cartagena,1
1278,24,7200,Masculino,Medellín,1
1279,48,4583,Femenino,Medellín,0
1280,25,5446,Masculino,Medellín,1
1281,53,802,Masculino,Barranquilla,1
1282,49,7595,Femenino,Medellín,0
1283,41,7792,Masculino,Medellín,1
1284,42,1046,Masculino,Cali,1
1285,55,5245,Masculino,Barranquilla,1
1286,51,4269,Masculino,Barranquilla,0
1287,43,1090,Femenino,Bogotá,1
1288,24,5211,Masculino,Medellín,0
1289,40,2093,Femenino,Barranquilla,1
1290,50,7952,Femenino,Cartagena,1
1291,35,1113,Masculino,Bogotá,0
1292,18,6400,Masculino,Cali,1
1293,42,5326,Femenino,Barranquilla,1
1294,60,7885,Masculino,Medellín,0
1295,27,3268,Femenino,Bogotá,1
1296,26,5622,Masculino,Cali,0
1297,28,4761,Femenino,Medellín,1
1298,51,3468,Masculino,Bogotá,1
1299,18,4868,Masculino,Cartagena,1
1300,39,4722,Femenino,Bogotá,0
1301,48,2188,Femenino,Barranquilla,1
1302,31,4119,Masculino,Cartagena,1
1303,33,4112,Femenino,Cali,0
1304,28,3879,Masculino,Barranquilla,1
1305,47,7030,Masculino,Barranquilla,1
1306,56,1268,Masculino,Medellín,1
1307,19,1270,Femenino,Cartagena,0
1308,61,2247,Femenino,Barranquilla,0
1309,41,4957,Femenino,Cali,1
1310,61,1693,Masculino,Barranquilla,1
1311,30,2428,Masculino,Bogotá,1
1312,24,5848,Masculino,Cartagena,1
1313,30,2984,Masculino,Medellín,1
1314,62,5586,Masculino,Bogotá,1
1315,57,2001,Femenino,Cartagena,1
1316,22,6218,Femenino,Medellín,1
1317,20,6277,Masculino,Barranquilla,1
1318,36,5585,Femenino,Cali,1
1319,43,7826,Masculino,Medellín,1
1320,42,4732,Femenino,Cartagena,0
1321,24,5146,Masculino,Bogotá,0
1322,29,7477,Masculino,Bogotá,1
1323,63,5470,Masculino,Cali,0
1324,28,3131,Masculino,Bogotá,1
1325,50,6707,Masculino,Medellín,0
1326,62,4710,Masculino,Cali,1
1327,18,6928,Femenino,Bogotá,0
1328,61,6941,Masculino,Medellín,0
1329,28,1048,Femenino,Medellín,1
1330,50,7899,Femenino,Bogotá,0
1331,28,4166,Femenino,Medellín,1
1332,27,4601,Femenino,Cali,0
1333,55,6885,Masculino,Bogotá,0
1334,59,1910,Femenino,Barranquilla,0
1335,32,4390,Femenino,Medellín,0
1336,22,5247,Femenino,Barranquilla,0
1337,23,7711,Femenino,Barranquilla,1
1338,61,6202,Masculino,Cartagena,0
1339,48,1160,Masculino,Cali,1
1340,32,7965,Femenino,Medellín,1
1341,56,6678,Masculino,Cartagena,1
1342,60,6001,Masculino,Cartagena,1
1343,35,4203,Femenino,Cali,1
1344,56,2371,Femenino,Bogotá,0
1345,47,1624,Femenino,Bogotá,1
1346,48,3353,Masculino,Medellín,1
1347,52,2933,Masculino,Barranquilla,0
1348,57,3958,Femenino,Medellín,1
1349,30,7132,Masculino,Barranquilla,0
1350,45,3305,Femenino,Cali,0
1351,46,7863,Femenino,Cali,1
1352,28,4720,Masculino,Medellín,1
1353,19,5795,Femenino,Bogotá,1
1354,57,4518,Femenino,Barranquilla,0
1355,20,6582,Femenino,Cali,0
1356,24,7865,Femenino,Cali,0
1357,23,3075,Femenino,Bogotá,0
1358,34,1733,Masculino,Cartagena,1
1359,30,7883,Masculino,Medellín,1
1360,47,3343,Femenino,Cartagena,0
1361,20,7316,Femenino,Medellín,0
1362,33,7944,Femenino,Cartagena,1
1363,20,5626,Femenino,Medellín,1
1364,23,3653,Masculino,Cartagena,0
1365,45,1354,Masculino,Cali,1
1366,58,2892,Femenino,Barranquilla,1
1367,39,913,Femenino,Barranquilla,0
1368,20,7493,Masculino,Cartagena,0
1369,19,4431,Masculino,Medellín,1
1370,29,6856,Femenino,Medellín,1
1371,49,3657,Femenino,Medellín,0
1372,50,2170,Masculino,Cali,1
1373,60,3890,Masculino,Medellín,1
1374,18,3884,Femenino,Barranquilla,0
1375,61,6998,Masculino,Barranquilla,1
1376,29,7757,Femenino,Bogotá,1
1377,22,7318,Masculino,Bogotá,1
1378,24,2308,Masculino,Medellín,1
1379,28,6519,Masculino,Cali,1
1380,65,3206,Femenino,Medellín,0
1381,29,6155,Femenino,Bogotá,1
1382,53,1891,Masculino,Cali,1
1383,56,2737,Femenino,Medellín,0
1384,18,4827,Masculino,Cali,1
1385,48,6116,Masculino,Cali,0
1386,55,3361,Masculino,Cali,1
1387,31,3431,Masculino,Cali,0
1388,19,833,Femenino,Cartagena,1
1389,42,5191,Masculino,Barranquilla,1
1390,24,6639,Femenino,Bogotá,0
1391,51,5295,Masculino,Cali,0
1392,56,7837,Femenino,Cali,1
1393,27,6673,Femenino,Barranquilla,0
1394,43,6779,Femenino,Cali,1
1395,64,6824,Femenino,Cartagena,1
1396,56,6674,Masculino,Cali,0
1397,29,3953,Masculino,Bogotá,0
1398,38,5394,Masculino,Barranquilla,0
1399,63,3963,Femenino,Cartagena,1
1400,65,4192,Femenino,Barranquilla,0
1401,64,7401,Femenino,Cali,1
1402,56,1152,Masculino,Medellín,0
1403,45,3731,Femenino,Barranquilla,0
1404,47,4505,Masculino,Medellín,1
1405,39,5212,Femenino,Bogotá,1
1406,49,7886,Masculino,Cali,0
1407,47,2786,Masculino,Cali,1
1408,28,2843,Masculino,Cali,1
1409,27,4272,Femenino,Cartagena,0
1410,43,6289,Femenino,Barranquilla,1
1411,28,6242,Masculino,Cali,0
1412,42,4942,Masculino,Barranquilla,0
1413,21,4782,Femenino,Barranquilla,1
1414,30,2131,Masculino,Barranquilla,1
1415,58,3147,Masculino,Cali,0
1416,59,1431,Masculino,Cartagena,1
1417,38,2704,Masculino,Barranquilla,1
1418,36,4823,Femenino,Medellín,0
1419,55,4813,Femenino,Barranquilla,1
1420,42,2187,Masculino,Bogotá,0
1421,31,7321,Femenino,Medellín,0
1422,36,1750,Femenino,Cali,1
1423,61,1293,Femenino,Cartagena,1
1424,41,3585,Femenino,Cali,0
1425,42,7531,Masculino,Cali,1
1426,58,3335,Femenino,Medellín,0
1427,38,7084,Masculino,Medellín,0
1428,33,1251,Femenino,Medellín,0
1429,25,1503,Masculino,Cartagena,0
1430,44,3490,Masculino,Barranquilla,0
1431,28,5251,Masculino,Cali,1
1432,57,1510,Femenino,Cali,1
1433,30,6898,Masculino,Cartagena,0
1434,19,4369,Femenino,Bogotá,1
1435,40,6038,Masculino,Bogotá,1
1436,22,4467,Femenino,Barranquilla,1
1437,46,6539,Femenino,Medellín,0
1438,25,3451,Femenino,Bogotá,1
1439,22,6134,Masculino,Cartagena,0
1440,64,6153,Femenino,Medellín,1
1441,53,5522,Femenino,Cartagena,0
1442,45,1944,Femenino,Medellín,1
1443,24,1043,Masculino,Barranquilla,1
1444,19,5947,Masculino,Cali,1
1445,26,1141,Masculino,Cali,0
1446,26,1774,Femenino,Barranquilla,0
1447,50,2871,Masculino,Cali,0
1448,47,4851,Femenino,Cali,1
1449,43,7082,Femenino,Medellín,0
1450,28,7596,Masculino,Barranquilla,1
1451,33,2583,Masculino,Barranquilla,1
1452,23,2297,Femenino,Barranquilla,1
1453,40,3401,Femenino,Medellín,1
1454,28,7346,Femenino,Cartagena,0
1455,32,6019,Femenino,Medellín,1
1456,20,5441,Femenino,Medellín,0
1457,37,2809,Masculino,Cali,0
1458,32,2180,Masculino,Bogotá,0
1459,18,5815,Femenino,Cartagena,1
1460,53,5642,Femenino,Cali,0
1461,57,878,Masculino,Medellín,0
1462,45,4606,Femenino,Barranquilla,1
1463,52,4334,Masculino,Cartagena,1
1464,59,2644,Femenino,Cali,0
1465,56,6796,Femenino,Barranquilla,1
1466,20,2890,Masculino,Medellín,1
1467,52,2315,Femenino,Barranquilla,0
1468,21,4862,Femenino,Barranquilla,0
1469,57,5178,Femenino,Bogotá,0
1470,25,2757,Masculino,Cartagena,0
1471,18,5733,Masculino,Cali,1
1472,22,1808,Masculino,Bogotá,1
1473,63,2101,Masculino,Medellín,0
1474,57,1559,Femenino,Bogotá,1
1475,41,4341,Femenino,Cartagena,1
1476,20,2946,Masculino,Barranquilla,1
1477,46,1762,Masculino,Cartagena,0
1478,51,5316,Masculino,Medellín,0
1479,49,6285,Masculino,Cali,1
1480,52,3463,Masculino,Bogotá,0
1481,25,7406,Masculino,Medellín,1
1482,35,4062,Femenino,Cartagena,1
1483,51,5198,Masculino,Bogotá,0
1484,29,1254,Masculino,Cali,1
1485,42,6143,Femenino,Cartagena,0
1486,21,1568,Femenino,Cartagena,1
1487,18,4108,Femenino,Barranquilla,0
1488,39,2687,Masculino,Barranquilla,1
1489,26,1271,Femenino,Cali,1
1490,46,5373,Femenino,Bogotá,0
1491,31,2771,Masculino,Cartagena,0
1492,52,5704,Femenino,Cali,0
1493,54,6238,Masculino,Barranquilla,1
1494,36,1449,Femenino,Bogotá,1
1495,59,4846,Masculino,Bogotá,0
1496,25,4252,Masculino,Cartagena,0
1497,40,6238,Masculino,Cartagena,0
1498,28,1976,Femenino,Cali,0
1499,46,6055,Masculino,Barranquilla,1
1500,38,5621,Masculino,Medellín,0
1501,38,4699,Masculino,Barranquilla,1
1502,59,7203,Masculino,Cali,1
1503,26,2644,Femenino,Bogotá,0
1504,31,2635,Masculino,Cali,1
1505,44,6671,Femenino,Barranquilla,1
1506,59,1112,Masculino,Bogotá,0
1507,33,5695,Femenino,Medellín,0
1508,30,7563,Masculino,Barranquilla,1
1509,24,6028,Masculino,Bogotá,1
1510,50,4375,Femenino,Bogotá,1
1511,43,7934,Masculino,Barranquilla,0
1512,44,5390,Masculino,Cali,1
1513,65,5776,Masculino,Bogotá,0
1514,60,4132,Femenino,Barranquilla,0
1515,21,6362,Masculino,Cartagena,0
1516,25,4248,Femenino,Cali,0
1517,32,7197,Femenino,Cali,1
1518,34,4372,Masculino,Barranquilla,1
1519,33,7712,Masculino,Bogotá,1
1520,32,3046,Femenino,Cartagena,1
1521,60,1894,Masculino,Bogotá,1
1522,50,6396,Femenino,Bogotá,1
1523,48,3837,Masculino,Bogotá,1
1524,33,3585,Femenino,Cartagena,1
1525,37,3608,Masculino,Medellín,0
1526,26,6320,Masculino,Cartagena,0
1527,54,7806,Femenino,Medellín,1
1528,25,2329,Femenino,Cali,1
1529,59,4380,Masculino,Cartagena,1
1530,44,4251,Femenino,Barranquilla,1
1531,58,4288,Masculino,Bogotá,0
1532,63,1614,Femenino,Cali,1
1533,40,1966,Femenino,Cali,0
1534,27,2707,Masculino,Bogotá,1
1535,52,6261,Femenino,Bogotá,1
1536,60,7982,Masculino,Cartagena,0
1537,55,2766,Masculino,Cali,1
1538,26,2321,Masculino,Medellín,0
1539,40,3306,Masculino,Cali,0
1540,28,6352,Femenino,Cartagena,1
1541,57,1591,Masculino,Barranquilla,0
1542,54,6208,Masculino,Medellín,0
1543,47,5342,Masculino,Medellín,0
1544,49,4950,Femenino,Cartagena,0
1545,24,4125,Masculino,Cali,1
1546,40,6947,Masculino,Cartagena,0
1547,61,7017,Femenino,Cali,1
1548,63,1884,Femenino,Cali,1
1549,36,6754,Femenino,Cartagena,1
1550,30,6960,Masculino,Medellín,0
1551,57,4397,Femenino,Bogotá,1
1552,34,3488,Masculino,Bogotá,1
1553,37,6939,Masculino,Barranquilla,0
1554,51,2269,Masculino,Cali,1
1555,31,4246,Femenino,Barranquilla,0
1556,20,5684,Masculino,Bogotá,1
1557,48,7858,Masculino,Bogotá,0
1558,35,6749,Masculino,Bogotá,0
1559,63,3529,Masculino,Bogotá,0
1560,20,4719,Femenino,Cali,1
1561,37,4719,Masculino,Cali,1
1562,20,2324,Masculino,Medellín,1
1563,49,6590,Masculino,Medellín,0
1564,27,6010,Masculino,Barranquilla,1
1565,20,1013,Masculino,Medellín,1
1566,44,3464,Femenino,Bogotá,1
1567,62,5082,Femenino,Cali,1
1568,57,3060,Femenino,Cartagena,1
1569,20,4685,Femenino,Bogotá,1
1570,19,4287,Femenino,Cali,0
1571,38,1273,Femenino,Medellín,1
1572,36,5833,Femenino,Bogotá,0
1573,63,4712,Masculino,Bogotá,1
1574,48,4309,Femenino,Bogotá,0
1575,32,5426,Masculino,Barranquilla,0
1576,21,806,Femenino,Barranquilla,1
1577,61,2975,Femenino,Cartagena,1
1578,55,7108,Masculino,Cali,1
1579,20,2924,Masculino,Cali,1
1580,41,6615,Masculino,Cartagena,1
1581,38,4492,Masculino,Cali,1
1582,60,3185,Femenino,Barranquilla,0
1583,29,3735,Femenino,Barranquilla,0
1584,21,6307,Masculino,Cartagena,0
1585,29,7764,Femenino,Cartagena,1
1586,62,964,Masculino,Cali,1
1587,19,6228,Masculino,Cartagena,0
1588,32,6670,Femenino,Barranquilla,1
1589,23,7879,Femenino,Cali,1
1590,47,4913,Femenino,Barranquilla,0
1591,24,7405,Masculino,Medellín,0
1592,61,6158,Masculino,Medellín,0
1593,44,2927,Femenino,Medellín,0
1594,30,4320,Femenino,Cartagena,1
1595,25,1386,Masculino,Barranquilla,0
1596,24,5032,Masculino,Cali,0
1597,22,6985,Masculino,Cali,1
1598,23,4954,Femenino,Barranquilla,0
1599,54,7794,Masculino,Cali,0
1600,23,3825,Femenino,Cali,1
1601,54,4426,Masculino,Bogotá,1
1602,43,6119,Femenino,Cartagena,1
1603,51,7040,Femenino,Barranquilla,1
1604,27,7136,Masculino,Cartagena,1
1605,38,5456,Femenino,Bogotá,1
1606,30,3610,Masculino,Cali,1
1607,50,1849,Masculino,Barranquilla,1
1608,43,5161,Femenino,Cali,0
1609,38,6707,Masculino,Bogotá,1
1610,22,7631,Femenino,Cartagena,0
1611,56,6395,Masculino,Cartagena,0
1612,50,5357,Masculino,Medellín,0
1613,56,7092,Masculino,Cali,0
1614,24,2510,Femenino,Cartagena,0
1615,24,3796,Masculino,Cali,0
1616,62,4117,Femenino,Barranquilla,0
1617,20,4473,Femenino,Cali,1
1618,40,2792,Masculino,Cartagena,1
1619,27,5029,Femenino,Medellín,0
1620,18,1461,Masculino,Barranquilla,0
1621,46,7661,Femenino,Barranquilla,0
1622,29,7431,Femenino,Medellín,1
1623,21,2432,Masculino,Cartagena,1
1624,54,7911,Femenino,Bogotá,1
1625,51,3777,Masculino,Cartagena,0
1626,53,3501,Masculino,Bogotá,1
1627,63,6416,Femenino,Cali,1
1628,18,3858,Masculino,Medellín,0
1629,50,2956,Femenino,Cali,1
1630,57,4264,Masculino,Bogotá,1
1631,28,6055,Masculino,Cali,0
1632,64,5113,Femenino,Medellín,1
1633,57,3400,Femenino,Cartagena,0
1634,63,6317,Femenino,Cali,1
1635,34,3754,Femenino,Cartagena,1
1636,28,1353,Femenino,Bogotá,0
1637,64,5679,Masculino,Medellín,0
1638,61,3963,Masculino,Medellín,0
1639,23,6269,Femenino,Barranquilla,0
1640,61,1632,Femenino,Cali,0
1641,56,7374,Femenino,Bogotá,0
1642,19,4075,Masculino,Medellín,0
1643,63,2252,Masculino,Cartagena,1
1644,42,6773,Masculino,Barranquilla,0
1645,63,3069,Masculino,Barranquilla,1
1646,28,3966,Femenino,Cali,1
1647,64,7977,Femenino,Medellín,1
1648,45,3754,Masculino,Barranquilla,0
1649,21,5399,Femenino,Cartagena,1
1650,29,4199,Masculino,Medellín,0
1651,49,1465,Femenino,Medellín,1
1652,19,5302,Femenino,Cali,0
1653,30,1220,Masculino,Barranquilla,1
1654,48,3938,Masculino,Medellín,0
1655,45,833,Femenino,Bogotá,1
1656,63,1181,Femenino,Medellín,1
1657,59,3820,Masculino,Bogotá,0
1658,46,5102,Masculino,Medellín,0
1659,26,1087,Femenino,Medellín,0
1660,43,7621,Femenino,Medellín,1
1661,64,2446,Masculino,Cali,0
1662,50,4547,Femenino,Medellín,0
1663,54,4203,Femenino,Medellín,0
1664,44,7098,Masculino,Medellín,0
1665,65,7714,Masculino,Cali,1
1666,57,6622,Masculino,Bogotá,1
1667,56,3922,Femenino,Cartagena,1
1668,35,6893,Femenino,Medellín,1
1669,36,6133,Masculino,Bogotá,0
1670,41,955,Masculino,Bogotá,0
1671,48,7312,Femenino,Bogotá,1
1672,26,4288,Masculino,Bogotá,0
1673,62,960,Femenino,Barranquilla,0
1674,51,4084,Femenino,Bogotá,0
1675,23,5574,Masculino,Barranquilla,1
1676,64,5152,Masculino,Cartagena,0
1677,27,4242,Femenino,Barranquilla,0
1678,26,2091,Femenino,Cali,1
1679,32,827,Femenino,Cali,0
1680,58,3479,Femenino,Cartagena,0
1681,34,4114,Femenino,Bogotá,1
1682,30,1368,Masculino,Cali,0
1683,55,4908,Femenino,Cartagena,1
1684,64,6950,Femenino,Bogotá,0
1685,42,1453,Masculino,Medellín,1
1686,56,2351,Masculino,Bogotá,1
1687,57,2174,Masculino,Barranquilla,0
1688,36,5298,Masculino,Cartagena,0
1689,47,1772,Masculino,Barranquilla,1
1690,41,6857,Masculino,Bogotá,1
1691,25,927,Masculino,Cartagena,0
1692,40,5173,Masculino,Cartagena,0
1693,47,3691,Masculino,Medellín,1
1694,54,6066,Femenino,Medellín,1
1695,56,2068,Femenino,Barranquilla,0
1696,63,1310,Masculino,Cartagena,0
1697,45,7879,Masculino,Cali,0
1698,48,7137,Femenino,Cartagena,0
1699,40,5511,Masculino,Bogotá,1
1700,52,5298,Femenino,Medellín,1
1701,65,5175,Masculino,Cali,1
1702,40,6387,Masculino,Medellín,1
1703,57,7580,Masculino,Medellín,0
1704,30,1983,Femenino,Barranquilla,0
1705,22,3748,Masculino,Bogotá,1
1706,51,3126,Masculino,Bogotá,1
1707,41,2564,Masculino,Cali,1
1708,21,5759,Masculino,Cali,1
1709,33,6968,Femenino,Medellín,0
1710,47,6987,Femenino,Cartagena,1
1711,31,4675,Femenino,Bogotá,1
1712,37,5984,Femenino,Bogotá,1
1713,47,2690,Masculino,Barranquilla,0
1714,43,3684,Femenino,Cali,1
1715,53,7606,Masculino,Barranquilla,0
1716,34,5262,Femenino,Cartagena,1
1717,21,4777,Femenino,Barranquilla,1
1718,54,7925,Femenino,Cartagena,1
1719,52,4016,Femenino,Cartagena,0
1720,51,861,Femenino,Cartagena,1
1721,32,1271,Masculino,Cartagena,1
1722,21,3388,Masculino,Cartagena,1
1723,23,4931,Femenino,Cali,0
1724,48,3293,Femenino,Cali,0
1725,38,4961,Masculino,Cali,0
1726,20,6613,Femenino,Bogotá,1
1727,31,2185,Femenino,Medellín,1
1728,53,1370,Masculino,Bogotá,0
1729,39,6146,Femenino,Cali,0
1730,45,4674,Femenino,Cartagena,1
1731,51,7561,Femenino,Medellín,0
1732,54,1860,Masculino,Cali,1
1733,45,4905,Femenino,Bogotá,0
1734,25,5801,Masculino,Cali,1
1735,29,2782,Masculino,Medellín,0
1736,19,4142,Femenino,Medellín,1
1737,59,5352,Masculino,Cartagena,1
1738,35,1746,Femenino,Bogotá,1
1739,35,4780,Femenino,Medellín,1
1740,57,3515,Femenino,Cartagena,0
1741,19,2711,Masculino,Bogotá,0
1742,45,1151,Masculino,Barranquilla,1
1743,20,6370,Femenino,Medellín,0
1744,26,7562,Masculino,Cartagena,1
1745,63,5598,Femenino,Cartagena,0
1746,26,2990,Femenino,Barranquilla,1
1747,44,6785,Femenino,Bogotá,1
1748,53,6307,Masculino,Cali,0
1749,53,3841,Masculino,Barranquilla,0
1750,18,7340,Masculino,Medellín,1
1751,42,1691,Masculino,Cartagena,0
1752,18,6726,Masculino,Medellín,1
1753,55,1509,Femenino,Cartagena,1
1754,53,4147,Femenino,Barranquilla,1
1755,65,5068,Femenino,Medellín,0
1756,48,5767,Masculino,Cartagena,0
1757,61,7069,Masculino,Cali,1
1758,58,5786,Femenino,Cartagena,1
1759,48,5958,Femenino,Barranquilla,1
1760,39,5722,Masculino,Bogotá,0
1761,52,2259,Masculino,Cartagena,1
1762,48,4956,Femenino,Bogotá,0
1763,19,7680,Femenino,Cartagena,0
1764,65,4484,Femenino,Cartagena,0
1765,41,2385,Femenino,Barranquilla,0
1766,62,6164,Femenino,Barranquilla,1
1767,55,4905,Masculino,Medellín,1
1768,47,7569,Femenino,Cali,1
1769,38,4095,Masculino,Bogotá,0
1770,56,6818,Femenino,Cartagena,0
1771,52,7295,Masculino,Cali,0
1772,54,7368,Masculino,Cartagena,0
1773,50,6605,Femenino,Barranquilla,0
1774,41,5244,Masculino,Bogotá,1
1775,28,7158,Femenino,Bogotá,1
1776,65,6977,Femenino,Cali,0
1777,29,4959,Masculino,Barranquilla,1
1778,44,6618,Femenino,Cartagena,0
1779,50,6134,Masculino,Barranquilla,1
1780,37,4288,Femenino,Bogotá,0
1781,61,2299,Femenino,Barranquilla,0
1782,42,7362,Femenino,Barranquilla,0
1783,58,5970,Femenino,Bogotá,0
1784,42,7737,Femenino,Cartagena,1
1785,21,3002,Femenino,Barranquilla,1
1786,24,4036,Masculino,Bogotá,0
1787,42,2329,Femenino,Cartagena,1
1788,61,4868,Femenino,Medellín,0
1789,33,5720,Femenino,Cartagena,1
1790,42,6671,Femenino,Cali,1
1791,28,7432,Masculino,Barranquilla,1
1792,57,2206,Masculino,Bogotá,1
1793,19,1485,Masculino,Medellín,0
1794,30,4687,Masculino,Cartagena,1
1795,22,4350,Masculino,Bogotá,1
1796,64,6569,Masculino,Barranquilla,0
1797,26,7111,Masculino,Cartagena,1
1798,52,6036,Femenino,Bogotá,1
1799,47,2730,Femenino,Cartagena,0
1800,50,5636,Masculino,Cali,0
1801,28,4377,Femenino,Medellín,1
1802,58,2980,Femenino,Medellín,1
1803,35,1944,Masculino,Medellín,0
1804,50,3090,Masculino,Bogotá,0
1805,20,5648,Masculino,Cartagena,0
1806,46,5815,Masculino,Cali,1
1807,35,7423,Masculino,Cali,1
1808,33,6012,Femenino,Cali,1
1809,39,3120,Masculino,Cartagena,0
1810,54,3260,Femenino,Cali,1
1811,56,4689,Femenino,Medellín,1
1812,58,2334,Femenino,Barranquilla,1
1813,44,2856,Masculino,Medellín,0
1814,47,6718,Masculino,Bogotá,1
1815,54,2565,Masculino,Medellín,1
1816,55,6061,Masculino,Barranquilla,0
1817,38,3626,Femenino,Barranquilla,1
1818,51,5733,Femenino,Cali,0
1819,47,2389,Masculino,Cali,0
1820,25,3489,Femenino,Medellín,0
1821,54,2171,Femenino,Cali,1
1822,30,6854,Femenino,Medellín,1
1823,61,7516,Femenino,Cartagena,1
1824,42,2290,Masculino,Medellín,0
1825,62,3096,Femenino,Bogotá,0
1826,30,3521,Masculino,Cali,0
1827,55,6795,Femenino,Cartagena,1
1828,58,877,Femenino,Cartagena,1
1829,27,4751,Masculino,Medellín,0
1830,56,1076,Femenino,Bogotá,0
1831,47,6269,Femenino,Barranquilla,1
1832,30,3542,Femenino,Cartagena,0
1833,60,6039,Femenino,Barranquilla,1
1834,59,7881,Femenino,Cali,1
1835,36,4860,Masculino,Medellín,0
1836,62,5998,Masculino,Bogotá,1
1837,19,2984,Masculino,Barranquilla,1
1838,38,6295,Femenino,Cartagena,0
1839,37,1893,Masculino,Cali,0
1840,19,5061,Masculino,Cartagena,1
1841,37,6901,Masculino,Cali,0
1842,61,3196,Masculino,Cartagena,0
1843,58,7838,Masculino,Cartagena,0
1844,49,1726,Masculino,Bogotá,0
1845,53,2635,Femenino,Medellín,1
1846,53,1535,Masculino,Barranquilla,0
1847,37,847,Masculino,Cali,1
1848,36,3253,Femenino,Cartagena,0
1849,24,6259,Femenino,Medellín,1
1850,26,2572,Femenino,Medellín,1
1851,61,829,Femenino,Medellín,0
1852,61,931,Masculino,Bogotá,0
1853,37,7525,Femenino,Medellín,1
1854,63,7144,Femenino,Medellín,0
1855,52,7955,Femenino,Medellín,0
1856,36,7987,Femenino,Cartagena,1
1857,26,1454,Masculino,Cartagena,1
1858,31,6609,Femenino,Medellín,1
1859,28,7036,Femenino,Bogotá,0
1860,38,4600,Masculino,Medellín,1
1861,63,3855,Femenino,Cartagena,1
1862,26,4012,Femenino,Cali,0
1863,27,3441,Masculino,Barranquilla,0
1864,26,2048,Femenino,Barranquilla,0
1865,55,6283,Masculino,Bogotá,0
1866,22,4927,Femenino,Medellín,0
1867,59,4438,Masculino,Medellín,0
1868,53,4153,Femenino,Bogotá,1
1869,40,3212,Femenino,Medellín,0
1870,45,6278,Femenino,Medellín,0
1871,24,3851,Femenino,Bogotá,1
1872,19,7742,Masculino,Barranquilla,0
1873,33,5186,Femenino,Barranquilla,1
1874,28,7543,Masculino,Cali,1
1875,54,2600,Masculino,Bogotá,0
1876,49,2055,Femenino,Bogotá,1
1877,30,7970,Masculino,Cartagena,1
1878,46,2626,Masculino,Barranquilla,1
1879,32,6713,Femenino,Barranquilla,0
1880,61,6043,Femenino,Medellín,0
1881,51,7012,Masculino,Bogotá,0
1882,38,5660,Masculino,Cartagena,0
1883,22,2919,Femenino,Cali,1
1884,46,7621,Masculino,Bogotá,1
1885,59,2578,Masculino,Barranquilla,0
1886,43,3390,Masculino,Cartagena,1
1887,57,5342,Femenino,Medellín,0
1888,31,1297,Femenino,Medellín,0
1889,34,3072,Masculino,Cartagena,0
1890,20,6269,Femenino,Bogotá,1
1891,35,3591,Masculino,Cartagena,0
1892,60,4931,Masculino,Cali,0
1893,42,1524,Masculino,Cali,0
1894,62,5100,Masculino,Cartagena,1
1895,47,1550,Femenino,Medellín,0
1896,31,5018,Femenino,Barranquilla,0
1897,61,3028,Femenino,Barranquilla,1
1898,42,1261,Masculino,Bogotá,0
1899,25,4138,Femenino,Cali,1
1900,42,4561,Masculino,Bogotá,0
1901,45,1014,Femenino,Barranquilla,0
1902,33,5805,Masculino,Barranquilla,1
1903,63,1146,Masculino,Bogotá,0
1904,65,6535,Femenino,Cali,0
1905,39,2216,Femenino,Cartagena,1
1906,50,5508,Masculino,Bogotá,1
1907,41,3937,Masculino,Medellín,0
1908,57,3080,Femenino,Cali,1
1909,22,5176,Femenino,Medellín,1
1910,61,2838,Masculino,Barranquilla,1
1911,59,2708,Masculino,Cali,0
1912,44,1932,Femenino,Medellín,0
1913,62,2794,Femenino,Cartagena,0
1914,36,6225,Femenino,Barranquilla,1
1915,48,1625,Femenino,Barranquilla,0
1916,27,4361,Femenino,Medellín,0
1917,35,6151,Masculino,Cali,1
1918,24,909,Femenino,Barranquilla,1
1919,31,3009,Masculino,Cartagena,0
1920,30,7747,Masculino,Bogotá,1
1921,45,2385,Masculino,Barranquilla,1
1922,64,1738,Masculino,Bogotá,0
1923,33,5085,Femenino,Medellín,0
1924,33,1046,Femenino,Barranquilla,0
1925,32,4566,Masculino,Cartagena,1
1926,24,3549,Masculino,Barranquilla,0
1927,38,1821,Femenino,Barranquilla,1
1928,44,7661,Masculino,Bogotá,0
1929,57,4335,Femenino,Bogotá,0
1930,32,2502,Femenino,Barranquilla,0
1931,26,943,Femenino,Medellín,0
1932,22,2314,Femenino,Cartagena,0
1933,33,5422,Masculino,Bogotá,0
1934,20,4093,Femenino,Cartagena,1
1935,39,5622,Masculino,Barranquilla,1
1936,60,2025,Masculino,Cartagena,1
1937,50,3692,Masculino,Cartagena,1
1938,39,7610,Masculino,Cartagena,0
1939,25,5413,Femenino,Cali,0
1940,60,6804,Masculino,Barranquilla,1
1941,61,5123,Femenino,Bogotá,1
1942,20,3449,Femenino,Barranquilla,0
1943,21,7931,Femenino,Cartagena,0
1944,38,923,Masculino,Medellín,1
1945,40,4039,Femenino,Barranquilla,0
1946,24,2277,Femenino,Bogotá,0
1947,61,5044,Femenino,Medellín,0
1948,42,6227,Masculino,Barranquilla,0
1949,58,4937,Masculino,Cartagena,1
1950,19,4783,Femenino,Cartagena,1
1951,64,4764,Masculino,Cartagena,1
1952,46,1621,Femenino,Bogotá,1
1953,32,2151,Femenino,Bogotá,1
1954,54,5159,Masculino,Cartagena,0
1955,40,1761,Masculino,Barranquilla,1
1956,52,6932,Femenino,Medellín,0
1957,59,3721,Masculino,Cartagena,0
1958,29,3071,Femenino,Medellín,1
1959,23,1005,Masculino,Barranquilla,1
1960,39,4967,Masculino,Barranquilla,0
1961,28,1562,Femenino,Medellín,1
1962,19,6242,Femenino,Cali,1
1963,26,5508,Masculino,Medellín,0
1964,45,3333,Femenino,Cartagena,0
1965,38,2331,Femenino,Medellín,1
1966,56,1259,Femenino,Cali,0
1967,53,3323,Femenino,Cali,0
1968,52,4937,Femenino,Medellín,1
1969,59,1323,Femenino,Cartagena,0
1970,31,5047,Femenino,Cali,0
1971,48,7969,Masculino,Cali,0
1972,57,6950,Femenino,Barranquilla,1
1973,34,7495,Masculino,Cali,1
1974,42,2665,Masculino,Bogotá,0
1975,58,1674,Femenino,Cartagena,1
1976,38,3335,Femenino,Barranquilla,1
1977,58,1827,Femenino,Cali,1
1978,27,2645,Masculino,Medellín,1
1979,55,4802,Femenino,Cali,0
1980,23,2014,Masculino,Cartagena,0
1981,59,1248,Femenino,Barranquilla,0
1982,48,4101,Masculino,Cartagena,0
1983,22,7411,Femenino,Medellín,0
1984,44,3224,Masculino,Bogotá,1
1985,44,7743,Femenino,Cartagena,0
1986,37,5199,Masculino,Barranquilla,0
1987,19,7231,Femenino,Cartagena,0
1988,32,5844,Masculino,Cali,0
1989,52,2721,Masculino,Cartagena,0
1990,24,3897,Femenino,Cartagena,1
1991,18,3527,Masculino,Cartagena,1
1992,38,1471,Femenino,Barranquilla,1
1993,24,6147,Femenino,Barranquilla,0
1994,32,6042,Masculino,Bogotá,1
1995,35,3800,Masculino,Bogotá,0
1996,34,3915,Masculino,Medellín,1
1997,56,2833,Femenino,Medellín,1
1998,51,4715,Masculino,Medellín,1
1999,40,5177,Masculino,Cartagena,1
2000,54,1683,Femenino,Bogotá,0
2001,21,4400,Femenino,Barranquilla,0
2002,60,1534,Masculino,Cartagena,1
2003,26,7656,Femenino,Cali,0
2004,58,2374,Masculino,Bogotá,1
2005,24,3787,Femenino,Cartagena,0
2006,39,4533,Femenino,Barranquilla,0
2007,44,1611,Femenino,Cartagena,0
2008,19,4288,Femenino,Barranquilla,0
2009,62,3241,Masculino,Cali,1
2010,19,1830,Masculino,Medellín,0
2011,65,3909,Masculino,Barranquilla,0
2012,36,3549,Femenino,Cartagena,0
2013,51,7695,Femenino,Cali,1
2014,28,4101,Femenino,Medellín,0
2015,38,5137,Femenino,Medellín,0
2016,32,4714,Masculino,Cartagena,0
2017,56,3107,Femenino,Bogotá,1
2018,34,6559,Femenino,Cali,1
2019,54,2373,Femenino,Bogotá,1
2020,50,5600,Masculino,Barranquilla,0
2021,29,1563,Femenino,Cartagena,0
2022,48,4176,Masculino,Bogotá,1
2023,47,7223,Masculino,Cartagena,0
2024,35,5524,Masculino,Barranquilla,1
2025,31,2564,Masculino,Barranquilla,0
2026,33,6801,Masculino,Cali,0
2027,36,1260,Masculino,Medellín,0
2028,36,2814,Masculino,Barranquilla,1
2029,56,3196,Femenino,Cali,1
2030,59,1222,Femenino,Bogotá,1
2031,61,7677,Femenino,Bogotá,1
2032,49,3263,Masculino,Bogotá,1
2033,32,4000,Femenino,Cali,1
2034,40,4378,Masculino,Cartagena,0
2035,18,4043,Masculino,Cartagena,0
2036,31,1687,Masculino,Cali,1
2037,46,4006,Masculino,Cali,0
2038,30,5432,Masculino,Cartagena,1
2039,55,4028,Masculino,Barranquilla,0
2040,23,7128,Femenino,Barranquilla,0
2041,53,6674,Masculino,Bogotá,1
2042,30,7218,Femenino,Bogotá,0
2043,29,4788,Femenino,Cali,0
2044,22,3501,Masculino,Cali,1
2045,62,2934,Masculino,Cartagena,0
2046,31,1785,Femenino,Barranquilla,1
2047,53,7856,Femenino,Barranquilla,0
2048,60,2255,Masculino,Bogotá,1
2049,30,2509,Femenino,Cali,1
2050,44,6796,Masculino,Cali,1
2051,49,1650,Masculino,Barranquilla,1
2052,18,3882,Femenino,Bogotá,0
2053,55,2954,Masculino,Bogotá,1
2054,63,6635,Femenino,Bogotá,1
2055,34,2758,Masculino,Barranquilla,0
2056,55,2687,Masculino,Cartagena,0
2057,54,4672,Femenino,Barranquilla,0
2058,34,3482,Masculino,Cali,1
2059,48,5613,Masculino,Medellín,0
2060,43,6359,Femenino,Medellín,1
2061,24,4669,Femenino,Cartagena,0
2062,33,6468,Masculino,Medellín,1
2063,60,4683,Femenino,Medellín,1
2064,53,6730,Femenino,Cali,1
2065,63,2039,Femenino,Bogotá,0
2066,60,7449,Masculino,Cali,0
2067,26,2753,Femenino,Bogotá,0
2068,47,2800,Femenino,Cali,1
2069,62,3653,Masculino,Medellín,1
2070,50,2051,Masculino,Barranquilla,1
2071,24,6510,Femenino,Cartagena,0
2072,58,3040,Femenino,Medellín,1
2073,41,3429,Femenino,Cartagena,0
2074,35,5301,Femenino,Cali,0
2075,51,7738,Femenino,Barranquilla,1
2076,27,5930,Masculino,Cali,1
2077,22,4505,Masculino,Cartagena,1
2078,52,3543,Femenino,Medellín,1
2079,35,6718,Masculino,Barranquilla,1
2080,39,4023,Masculino,Bogotá,1
2081,45,4550,Femenino,Bogotá,1
2082,26,7257,Femenino,Medellín,1
2083,35,1697,Masculino,Cali,1
2084,52,6938,Femenino,Bogotá,1
2085,62,4872,Masculino,Barranquilla,1
2086,56,2810,Masculino,Cali,1
2087,29,6191,Masculino,Bogotá,1
2088,28,2416,Masculino,Medellín,1
2089,40,4770,Femenino,Medellín,1
2090,51,4477,Femenino,Medellín,1
2091,39,5436,Femenino,Bogotá,1
2092,33,4777,Femenino,Cartagena,1
2093,34,7785,Masculino,Bogotá,1
2094,39,6954,Masculino,Medellín,0
2095,18,7465,Masculino,Cali,0
2096,19,3265,Masculino,Medellín,0
2097,63,2326,Masculino,Cartagena,1
2098,60,2528,Masculino,Medellín,0
2099,29,6289,Masculino,Bogotá,1
2100,37,5221,Masculino,Medellín,1
2101,57,2609,Masculino,Cali,0
2102,43,4529,Femenino,Cartagena,1
2103,45,5668,Femenino,Medellín,0
2104,49,3363,Femenino,Cali,0
2105,29,918,Femenino,Cartagena,1
2106,19,7167,Femenino,Barranquilla,0
2107,58,2658,Femenino,Barranquilla,1
2108,44,1791,Masculino,Barranquilla,1
2109,18,2496,Masculino,Cali,1
2110,39,7305,Femenino,Cartagena,1
2111,26,3677,Masculino,Barranquilla,0
2112,64,7856,Masculino,Cartagena,1
2113,60,5936,Femenino,Medellín,1
2114,55,816,Femenino,Cartagena,1
2115,57,970,Femenino,Cartagena,1
2116,40,1577,Masculino,Cartagena,0
2117,57,5451,Masculino,Cartagena,0
2118,44,1537,Masculino,Barranquilla,0
2119,35,1927,Masculino,Cartagena,1
2120,45,7722,Masculino,Bogotá,1
2121,22,5017,Femenino,Barranquilla,0
2122,24,6487,Femenino,Cali,1
2123,28,863,Masculino,Barranquilla,0
2124,41,7736,Masculino,Barranquilla,0
2125,47,7290,Femenino,Barranquilla,0
2126,51,2460,Femenino,Cali,1
2127,24,5767,Femenino,Cali,0
2128,60,1970,Femenino,Bogotá,1
2129,38,4812,Femenino,Cali,1
2130,60,5859,Masculino,Medellín,0
2131,18,1572,Masculino,Cali,1
2132,46,1077,Masculino,Barranquilla,1
2133,65,1116,Femenino,Cartagena,1
2134,50,2685,Masculino,Medellín,0
2135,36,3323,Masculino,Bogotá,0
2136,31,5364,Femenino,Barranquilla,1
2137,40,4840,Femenino,Medellín,1
2138,60,5450,Femenino,Bogotá,0
2139,40,7898,Femenino,Bogotá,1
2140,62,7099,Femenino,Cali,0
2141,59,871,Masculino,Bogotá,1
2142,64,5692,Masculino,Cali,1
2143,33,1925,Masculino,Cali,1
2144,56,7928,Masculino,Medellín,0
2145,52,7120,Masculino,Medellín,0
2146,43,5880,Femenino,Cali,0
2147,40,5209,Femenino,Cali,1
2148,25,7312,Masculino,Medellín,1
2149,27,5904,Masculino,Bogotá,0
2150,43,1082,Femenino,Medellín,1
2151,34,6206,Masculino,Barranquilla,0
2152,65,2622,Masculino,Cartagena,1
2153,37,4395,Femenino,Medellín,0
2154,37,6865,Masculino,Medellín,0
2155,25,7107,Masculino,Bogotá,0
2156,45,5870,Masculino,Barranquilla,1
2157,20,5151,Masculino,Bogotá,1
2158,34,7124,Femenino,Bogotá,1
2159,62,5255,Femenino,Cali,1
2160,37,6850,Femenino,Barranquilla,1
2161,28,1848,Femenino,Cali,0
2162,23,2873,Femenino,Cartagena,1
2163,38,5076,Masculino,Bogotá,1
2164,32,7073,Masculino,Cartagena,1
2165,29,6092,Masculino,Cartagena,1
2166,47,2571,Masculino,Cartagena,1
2167,47,6486,Masculino,Cali,0
2168,52,6390,Masculino,Cartagena,1
2169,27,4689,Masculino,Cali,0
2170,32,4638,Masculino,Bogotá,0
2171,35,7936,Masculino,Bogotá,1
2172,48,7659,Femenino,Cartagena,1
2173,46,1832,Masculino,Medellín,1
2174,49,5363,Femenino,Cartagena,1
2175,58,7687,Femenino,Cartagena,1
2176,65,979,Masculino,Medellín,0
2177,64,4263,Femenino,Cali,1
2178,34,1422,Femenino,Bogotá,1
2179,20,4302,Femenino,Bogotá,1
2180,22,5882,Femenino,Cali,0
2181,49,1877,Masculino,Medellín,1
2182,51,3470,Masculino,Cartagena,0
2183,54,3292,Masculino,Barranquilla,1
2184,61,5843,Femenino,Medellín,1
2185,64,5341,Femenino,Cali,0
2186,27,3938,Femenino,Cali,0
2187,24,6641,Femenino,Bogotá,1
2188,24,5274,Femenino,Cali,0
2189,32,6474,Femenino,Cali,0
2190,62,5288,Femenino,Medellín,0
2191,22,6515,Femenino,Bogotá,1
2192,20,4261,Femenino,Bogotá,1
2193,19,5045,Masculino,Bogotá,1
2194,52,3165,Femenino,Cartagena,0
2195,37,6671,Femenino,Medellín,0
2196,22,1519,Masculino,Barranquilla,1
2197,33,5104,Femenino,Barranquilla,0
2198,64,3299,Masculino,Barranquilla,1
2199,51,1293,Femenino,Barranquilla,1
2200,36,1329,Masculino,Medellín,0
2201,41,4508,Femenino,Cali,0
2202,32,5276,Femenino,Bogotá,0
2203,26,4395,Masculino,Bogotá,0
2204,35,7052,Masculino,Barranquilla,0
2205,40,6375,Masculino,Medellín,0
2206,25,5402,Femenino,Medellín,0
2207,41,2833,Femenino,Bogotá,0
2208,62,7382,Femenino,Medellín,0
2209,20,7125,Masculino,Bogotá,0
2210,57,4154,Masculino,Bogotá,1
2211,24,6203,Masculino,Cali,1
2212,45,3766,Femenino,Bogotá,0
2213,53,4849,Masculino,Cali,1
2214,53,6912,Femenino,Bogotá,0
2215,63,6859,Femenino,Medellín,1
2216,56,3804,Femenino,Cartagena,1
2217,43,2271,Femenino,Barranquilla,0
2218,18,2908,Masculino,Medellín,1
2219,47,7124,Femenino,Cartagena,0
2220,62,3254,Femenino,Medellín,0
2221,35,7937,Femenino,Barranquilla,0
2222,29,5401,Masculino,Medellín,1
2223,44,4415,Masculino,Medellín,1
2224,23,3338,Femenino,Barranquilla,1
2225,59,1216,Masculino,Bogotá,0
2226,43,7644,Femenino,Cartagena,1
2227,61,4089,Femenino,Cali,0
2228,54,4965,Femenino,Bogotá,0
2229,53,821,Femenino,Bogotá,1
2230,30,4026,Femenino,Bogotá,1
2231,34,5766,Masculino,Cartagena,0
2232,59,5564,Masculino,Medellín,1
2233,49,2529,Femenino,Cartagena,1
2234,25,3669,Femenino,Cali,0
2235,28,7236,Masculino,Bogotá,1
2236,28,2811,Femenino,Cartagena,0
2237,29,4197,Femenino,Medellín,1
2238,30,1681,Masculino,Bogotá,1
2239,26,7244,Masculino,Cartagena,0
2240,44,4775,Masculino,Bogotá,1
2241,63,4741,Masculino,Cartagena,1
2242,34,6117,Masculino,Bogotá,0
2243,53,1842,Masculino,Barranquilla,0
2244,41,2751,Femenino,Cali,1
2245,34,5823,Femenino,Medellín,1
2246,31,7746,Masculino,Bogotá,0
2247,32,6427,Masculino,Bogotá,0
2248,60,957,Masculino,Cartagena,1
2249,55,2083,Femenino,Cartagena,0
2250,24,6270,Masculino,Cali,1
2251,44,6161,Masculino,Bogotá,0
2252,62,3939,Femenino,Cali,0
2253,25,1142,Masculino,Barranquilla,0
2254,63,6324,Femenino,Bogotá,0
2255,42,6098,Masculino,Cartagena,1
2256,64,5532,Femenino,Bogotá,0
2257,43,3977,Femenino,Cali,0
2258,27,1507,Femenino,Cali,0
2259,61,2554,Femenino,Medellín,1
2260,18,4976,Femenino,Medellín,1
2261,26,4008,Femenino,Bogotá,0
2262,21,7565,Masculino,Medellín,0
2263,33,7368,Masculino,Medellín,0
2264,34,4850,Masculino,Cartagena,0
2265,46,3958,Femenino,Bogotá,0
2266,31,5767,Masculino,Bogotá,0
2267,39,7565,Femenino,Bogotá,1
2268,36,1613,Femenino,Cartagena,0
2269,50,2413,Masculino,Medellín,1
2270,64,2431,Femenino,Bogotá,0
2271,33,4987,Masculino,Cali,0
2272,58,5878,Masculino,Barranquilla,0
2273,19,3251,Femenino,Cartagena,0
2274,58,6922,Masculino,Medellín,0
2275,27,4376,Femenino,Cali,0
2276,45,4753,Masculino,Barranquilla,1
2277,44,2309,Femenino,Cartagena,1
2278,53,3349,Masculino,Barranquilla,0
2279,40,1396,Femenino,Bogotá,0
2280,58,6585,Femenino,Cartagena,1
2281,44,825,Masculino,Cali,1
2282,55,2792,Femenino,Cartagena,1
2283,45,1089,Masculino,Bogotá,0
2284,33,3814,Femenino,Bogotá,0
2285,65,2612,Masculino,Cali,1
2286,28,6606,Masculino,Bogotá,0
2287,57,6088,Femenino,Medellín,1
2288,43,7577,Femenino,Barranquilla,0
2289,32,5510,Femenino,Bogotá,0
2290,49,6000,Masculino,Cartagena,0
2291,45,3489,Masculino,Cartagena,0
2292,24,3522,Femenino,Medellín,1
2293,23,1600,Masculino,Barranquilla,0
2294,29,4177,Masculino,Bogotá,0
2295,59,4349,Masculino,Cali,1
2296,28,2432,Masculino,Barranquilla,1
2297,19,5700,Masculino,Medellín,1
2298,50,3789,Masculino,Barranquilla,0
2299,54,5761,Femenino,Cali,1
2300,62,5320,Femenino,Barranquilla,1
2301,27,1782,Femenino,Cartagena,1
2302,18,2168,Femenino,Barranquilla,0
2303,34,4190,Masculino,Cartagena,1
2304,55,7699,Femenino,Medellín,1
2305,37,5035,Femenino,Bogotá,1
2306,49,1684,Femenino,Cartagena,0
2307,20,3037,Masculino,Bogotá,0
2308,36,2962,Femenino,Cali,1
2309,31,3983,Masculino,Cartagena,1
2310,50,6455,Femenino,Bogotá,1
2311,26,6461,Femenino,Medellín,1
2312,65,6707,Masculino,Bogotá,1
2313,33,2510,Femenino,Bogotá,0
2314,60,2382,Masculino,Barranquilla,0
2315,33,2065,Masculino,Barranquilla,0
2316,60,2544,Femenino,Cali,1
2317,59,7630,Femenino,Barranquilla,1
2318,44,1301,Femenino,Bogotá,0
2319,23,1504,Femenino,Bogotá,1
2320,33,5246,Masculino,Cali,1
2321,32,5583,Masculino,Barranquilla,1
2322,28,2031,Femenino,Medellín,1
2323,19,6028,Masculino,Bogotá,1
2324,55,4029,Masculino,Cartagena,1
2325,48,6228,Femenino,Medellín,0
2326,26,6210,Femenino,Medellín,0
2327,64,3656,Femenino,Bogotá,0
2328,32,1474,Masculino,Bogotá,1
2329,63,6024,Masculino,Barranquilla,0
2330,48,6991,Femenino,Medellín,1
2331,32,6288,Masculino,Barranquilla,0
2332,53,3283,Masculino,Bogotá,0
2333,33,5812,Femenino,Cali,1
2334,38,1331,Masculino,Barranquilla,1
2335,65,7382,Masculino,Barranquilla,1
2336,56,6353,Femenino,Cartagena,0
2337,26,6673,Femenino,Bogotá,0
2338,45,1363,Femenino,Medellín,0
2339,38,978,Masculino,Barranquilla,0
2340,65,2141,Masculino,Bogotá,1
2341,46,7933,Femenino,Barranquilla,1
2342,52,1305,Masculino,Bogotá,0
2343,25,2497,Femenino,Bogotá,1
2344,59,1754,Masculino,Barranquilla,1
2345,51,1613,Femenino,Bogotá,1
2346,25,1330,Femenino,Cartagena,1
2347,21,4162,Femenino,Barranquilla,0
2348,24,4407,Femenino,Medellín,0
2349,54,7095,Femenino,Barranquilla,1
2350,61,6638,Masculino,Bogotá,1
2351,43,2777,Masculino,Cartagena,1
2352,52,5546,Masculino,Cartagena,0
2353,55,3765,Femenino,Medellín,0
2354,24,4092,Femenino,Medellín,1
2355,61,5071,Femenino,Cartagena,0
2356,19,7807,Masculino,Barranquilla,0
2357,63,940,Masculino,Cartagena,0
2358,60,3683,Femenino,Barranquilla,0
2359,18,6730,Femenino,Medellín,0
2360,43,4194,Femenino,Medellín,0
2361,52,4841,Masculino,Cali,1
2362,51,5606,Masculino,Bogotá,0
2363,39,6132,Masculino,Bogotá,1
2364,57,7127,Femenino,Cartagena,1
2365,54,3671,Femenino,Barranquilla,0
2366,33,7153,Femenino,Barranquilla,1
2367,31,1505,Femenino,Bogotá,1
2368,54,3827,Masculino,Barranquilla,1
2369,53,987,Femenino,Barranquilla,0
2370,40,6453,Femenino,Bogotá,1
2371,29,5465,Masculino,Cali,1
2372,46,7931,Femenino,Barranquilla,1
2373,49,4834,Femenino,Bogotá,0
2374,37,2555,Masculino,Bogotá,1
2375,21,3651,Masculino,Medellín,0
2376,59,1232,Masculino,Cali,1
2377,64,3456,Femenino,Cartagena,1
2378,20,7823,Masculino,Medellín,1
2379,18,4108,Masculino,Cali,0
2380,51,1009,Femenino,Bogotá,0
2381,25,4639,Femenino,Bogotá,1
2382,46,3313,Masculino,Cartagena,1
2383,38,6764,Femenino,Bogotá,0
2384,22,1220,Masculino,Medellín,1
2385,32,3258,Masculino,Bogotá,1
2386,31,2884,Femenino,Medellín,1
2387,36,4482,Masculino,Medellín,1
2388,41,7880,Femenino,Cali,0
2389,25,3701,Femenino,Barranquilla,1
2390,23,7912,Masculino,Medellín,0
2391,58,5320,Masculino,Medellín,1
2392,38,6865,Masculino,Medellín,1
2393,50,2104,Femenino,Cartagena,0
2394,43,2179,Femenino,Cali,0
2395,49,3370,Femenino,Barranquilla,0
2396,60,4044,Femenino,Cartagena,0
2397,53,2744,Masculino,Cartagena,1
2398,60,7597,Femenino,Cali,1
2399,46,939,Femenino,Barranquilla,0
2400,45,7579,Femenino,Cali,1
2401,57,5290,Femenino,Barranquilla,0
2402,39,5234,Femenino,Cali,1
2403,61,4390,Femenino,Medellín,1
2404,63,7355,Femenino,Cartagena,1
2405,46,2089,Masculino,Cali,1
2406,56,4256,Femenino,Bogotá,0
2407,45,6889,Masculino,Cartagena,1
2408,29,2184,Femenino,Cartagena,0
2409,29,3301,Masculino,Cartagena,0
2410,48,6385,Femenino,Medellín,1
2411,31,3786,Femenino,Cali,1
2412,24,3887,Masculino,Bogotá,1
2413,42,6226,Masculino,Cartagena,1
2414,40,4559,Femenino,Medellín,0
2415,44,4721,Masculino,Barranquilla,0
2416,45,7607,Masculino,Cartagena,0
2417,60,6698,Femenino,Medellín,0
2418,51,6925,Masculino,Bogotá,0
2419,46,5000,Femenino,Medellín,1
2420,57,2779,Masculino,Barranquilla,1
2421,44,6171,Masculino,Cartagena,1
2422,27,1562,Masculino,Cartagena,0
2423,48,2904,Femenino,Cali,0
2424,42,4416,Femenino,Bogotá,0
2425,42,5410,Masculino,Cali,0
2426,54,2677,Masculino,Medellín,0
2427,50,5582,Femenino,Bogotá,0
2428,58,1893,Masculino,Barranquilla,1
2429,39,997,Masculino,Cali,0
2430,65,5821,Femenino,Cali,0
2431,63,4936,Masculino,Medellín,0
2432,54,3404,Femenino,Medellín,0
2433,61,2906,Masculino,Cartagena,0
2434,41,6172,Masculino,Medellín,0
2435,40,4137,Femenino,Cali,1
2436,55,7861,Masculino,Cali,1
2437,31,870,Masculino,Medellín,0
2438,26,3049,Femenino,Bogotá,1
2439,65,7190,Femenino,Cali,0
2440,39,1410,Masculino,Cali,1
2441,23,6908,Masculino,Cartagena,1
2442,51,1002,Masculino,Cartagena,0
2443,57,3089,Masculino,Cartagena,1
2444,63,6912,Masculino,Medellín,0
2445,19,2572,Femenino,Barranquilla,1
2446,27,6906,Femenino,Medellín,1
2447,30,1465,Masculino,Medellín,1
2448,59,7168,Femenino,Medellín,0
2449,29,7181,Femenino,Cali,0
2450,37,6656,Masculino,Medellín,0
2451,27,2209,Femenino,Cartagena,1
2452,35,6319,Femenino,Cali,0
2453,28,900,Masculino,Barranquilla,0
2454,62,834,Femenino,Cali,0
2455,52,2582,Femenino,Cali,1
2456,28,5099,Femenino,Barranquilla,0
2457,57,7646,Femenino,Barranquilla,1
2458,47,3186,Femenino,Barranquilla,0
2459,26,2605,Masculino,Cali,1
2460,50,7483,Masculino,Cartagena,0
2461,34,5542,Femenino,Medellín,1
2462,38,5776,Masculino,Barranquilla,1
2463,58,3362,Femenino,Medellín,0
2464,58,5995,Femenino,Cartagena,1
2465,55,5388,Femenino,Cartagena,0
2466,41,4720,Femenino,Cartagena,0
2467,63,5213,Femenino,Barranquilla,0
2468,62,7023,Femenino,Barranquilla,1
2469,30,7590,Masculino,Barranquilla,1
2470,54,1225,Femenino,Medellín,0
2471,23,5080,Femenino,Bogotá,1
2472,58,7572,Masculino,Cali,1
2473,62,6678,Masculino,Cali,1
2474,56,7368,Masculino,Cali,0
2475,43,5386,Femenino,Barranquilla,0
2476,52,1428,Femenino,Cali,0
2477,39,882,Masculino,Bogotá,0
2478,18,6424,Masculino,Barranquilla,1
2479,56,4041,Femenino,Cartagena,1
2480,55,4937,Masculino,Cartagena,0
2481,30,5226,Masculino,Cali,1
2482,62,6496,Masculino,Cartagena,1
2483,47,2943,Femenino,Cartagena,0
2484,40,1837,Masculino,Barranquilla,1
2485,29,3205,Masculino,Cali,1
2486,63,7175,Masculino,Cartagena,0
2487,65,847,Femenino,Cartagena,1
2488,41,1019,Masculino,Cartagena,1
2489,36,1860,Masculino,Barranquilla,0
2490,28,6761,Femenino,Cartagena,1
2491,35,2336,Masculino,Cartagena,0
2492,32,3976,Femenino,Cartagena,0
2493,44,6081,Masculino,Bogotá,0
2494,45,3967,Masculino,Bogotá,0
2495,64,7005,Masculino,Barranquilla,1
2496,63,3970,Masculino,Bogotá,1
2497,24,6020,Masculino,Barranquilla,1
2498,23,5458,Femenino,Barranquilla,0
2499,44,3176,Femenino,Barranquilla,1
2500,19,3792,Masculino,Cartagena,1
2501,31,5165,Femenino,Barranquilla,0
2502,64,1708,Femenino,Cartagena,0
2503,23,6038,Femenino,Barranquilla,0
2504,48,6632,Femenino,Barranquilla,0
2505,54,7336,Masculino,Bogotá,1
2506,60,7381,Masculino,Medellín,1
2507,42,6061,Masculino,Cali,1
2508,62,5805,Femenino,Bogotá,0
2509,25,1921,Femenino,Medellín,1
2510,30,6177,Femenino,Barranquilla,0
2511,60,3057,Masculino,Medellín,1
2512,56,1080,Femenino,Cali,1
2513,44,4466,Masculino,Medellín,0
2514,32,837,Masculino,Barranquilla,1
2515,30,6528,Femenino,Cali,1
2516,44,2119,Femenino,Bogotá,1
2517,30,3325,Masculino,Medellín,0
2518,40,4333,Masculino,Bogotá,0
2519,19,1931,Femenino,Bogotá,0
2520,29,2643,Femenino,Medellín,0
2521,28,4412,Femenino,Medellín,0
2522,57,5048,Masculino,Bogotá,0
2523,47,3716,Masculino,Cartagena,1
2524,27,3358,Femenino,Cali,0
2525,30,900,Femenino,Bogotá,1
2526,34,6154,Masculino,Medellín,0
2527,43,7894,Femenino,Barranquilla,1
2528,58,2682,Masculino,Medellín,1
2529,21,5305,Masculino,Cartagena,1
2530,37,3829,Femenino,Cali,1
2531,58,6805,Femenino,Bogotá,1
2532,44,6462,Femenino,Medellín,1
2533,24,1616,Femenino,Barranquilla,0
2534,28,3006,Masculino,Cali,1
2535,53,7690,Masculino,Bogotá,0
2536,36,1800,Femenino,Bogotá,1
2537,27,3434,Femenino,Bogotá,0
2538,27,7387,Femenino,Cali,0
2539,18,1393,Masculino,Cartagena,0
2540,22,7449,Femenino,Bogotá,0
2541,58,2294,Femenino,Medellín,0
2542,42,2558,Femenino,Cali,1
2543,24,5437,Femenino,Cartagena,0
2544,30,1169,Masculino,Bogotá,0
2545,26,3007,Femenino,Barranquilla,1
2546,54,2908,Femenino,Medellín,0
2547,44,5617,Masculino,Medellín,1
2548,27,1852,Masculino,Bogotá,0
2549,65,1623,Masculino,Medellín,1
2550,57,1729,Femenino,Bogotá,1
2551,59,6404,Masculino,Medellín,0
2552,54,5342,Femenino,Bogotá,0
2553,38,3400,Femenino,Cali,0
2554,36,7979,Femenino,Cali,0
2555,35,4447,Femenino,Barranquilla,0
2556,38,4428,Masculino,Cartagena,0
2557,58,3996,Femenino,Barranquilla,0
2558,56,1866,Masculino,Medellín,1
2559,29,6459,Masculino,Bogotá,0
2560,61,6746,Femenino,Cali,0
2561,21,3051,Femenino,Cali,1
2562,62,1822,Femenino,Medellín,1
2563,33,7863,Femenino,Cartagena,1
2564,48,6843,Masculino,Barranquilla,0
2565,42,3231,Masculino,Bogotá,0
2566,48,6985,Masculino,Cali,1
2567,52,6780,Femenino,Cali,1
2568,57,6107,Masculino,Cartagena,0
2569,36,1525,Masculino,Bogotá,0
2570,50,3759,Masculino,Barranquilla,1
2571,52,5881,Masculino,Bogotá,0
2572,42,7434,Femenino,Medellín,1
2573,37,5893,Masculino,Bogotá,0
2574,18,4891,Masculino,Cartagena,1
2575,54,3334,Masculino,Medellín,0
2576,65,3900,Femenino,Cali,1
2577,28,6051,Femenino,Bogotá,0
2578,65,6209,Femenino,Cartagena,1
2579,25,2918,Femenino,Barranquilla,1
2580,22,3945,Femenino,Cali,1
2581,65,5224,Masculino,Cartagena,0
2582,64,882,Femenino,Bogotá,0
2583,53,5431,Masculino,Barranquilla,1
2584,29,890,Femenino,Cali,1
2585,51,1636,Masculino,Cartagena,1
2586,28,5962,Masculino,Cartagena,0
2587,38,7563,Masculino,Bogotá,0
2588,54,6696,Femenino,Cali,1
2589,33,7213,Femenino,Cali,0
2590,31,5385,Masculino,Cali,1
2591,50,7828,Femenino,Cartagena,0
2592,30,7156,Femenino,Cartagena,1
2593,41,6076,Femenino,Cartagena,0
2594,62,4699,Femenino,Cartagena,1
2595,50,1221,Femenino,Medellín,0
2596,32,7270,Femenino,Medellín,1
2597,43,1625,Femenino,Cali,0
2598,35,6048,Femenino,Barranquilla,1
2599,47,4736,Masculino,Cali,0
2600,24,3234,Femenino,Medellín,0
2601,32,3614,Femenino,Medellín,0
2602,46,7509,Masculino,Cartagena,0
2603,28,3021,Masculino,Bogotá,1
2604,59,7166,Masculino,Bogotá,1
2605,43,3010,Masculino,Barranquilla,1
2606,37,2821,Femenino,Barranquilla,1
2607,19,5003,Femenino,Bogotá,0
2608,35,2696,Masculino,Cali,0
2609,20,3598,Femenino,Barranquilla,0
2610,58,7066,Masculino,Medellín,0
2611,36,1281,Femenino,Cartagena,1
2612,38,3398,Masculino,Cartagena,1
2613,63,5103,Femenino,Barranquilla,0
2614,28,2534,Femenino,Cali,0
2615,45,4752,Femenino,Bogotá,0
2616,62,6338,Masculino,Medellín,1
2617,46,6537,Femenino,Bogotá,0
2618,60,6742,Masculino,Barranquilla,1
2619,31,4593,Masculino,Barranquilla,1
2620,51,5478,Masculino,Cartagena,1
2621,37,6569,Masculino,Cartagena,1
2622,43,1333,Femenino,Cali,0
2623,58,2144,Masculino,Cartagena,0
2624,32,7381,Femenino,Medellín,1
2625,20,1785,Masculino,Bogotá,0
2626,36,1718,Femenino,Medellín,0
2627,55,6725,Femenino,Cartagena,1
2628,39,6654,Femenino,Bogotá,1
2629,60,5405,Femenino,Barranquilla,0
2630,19,1534,Femenino,Cali,0
2631,41,4347,Femenino,Bogotá,1
2632,27,4673,Femenino,Bogotá,1
2633,33,6281,Masculino,Cartagena,1
2634,52,6612,Masculino,Bogotá,1
2635,35,6322,Femenino,Cartagena,0
2636,25,5050,Masculino,Barranquilla,1
2637,50,7105,Femenino,Barranquilla,0
2638,18,3850,Masculino,Barranquilla,0
2639,37,6355,Masculino,Bogotá,1
2640,43,4567,Masculino,Cartagena,1
2641,49,7876,Masculino,Barranquilla,1
2642,53,1406,Masculino,Cartagena,0
2643,20,3108,Femenino,Bogotá,0
2644,32,3591,Masculino,Barranquilla,1
2645,33,3733,Masculino,Cartagena,1
2646,26,4961,Femenino,Cartagena,1
2647,39,5856,Masculino,Medellín,1
2648,36,1092,Masculino,Medellín,1
2649,45,7018,Masculino,Medellín,0
2650,62,2827,Masculino,Cali,1
2651,31,6308,Femenino,Barranquilla,1
2652,33,1533,Masculino,Barranquilla,0
2653,62,2269,Femenino,Cali,1
2654,62,1657,Femenino,Medellín,0
2655,20,1510,Femenino,Cartagena,1
2656,26,2946,Masculino,Bogotá,1
2657,45,3574,Femenino,Medellín,0
2658,37,6958,Femenino,Cali,1
2659,59,6990,Masculino,Cartagena,1
2660,58,7955,Femenino,Cali,0
2661,39,4090,Femenino,Cartagena,0
2662,54,1152,Femenino,Medellín,0
2663,49,2547,Femenino,Cali,1
2664,54,2801,Masculino,Cali,1
2665,53,3761,Femenino,Bogotá,1
2666,56,5882,Masculino,Medellín,0
2667,21,7974,Masculino,Cali,1
2668,51,6442,Femenino,Medellín,0
2669,43,7328,Masculino,Cali,1
2670,47,2784,Masculino,Cali,0
2671,45,845,Masculino,Cali,1
2672,47,1339,Masculino,Bogotá,0
2673,27,4841,Femenino,Cali,0
2674,44,7388,Masculino,Barranquilla,1
2675,53,2333,Femenino,Medellín,1
2676,43,2684,Femenino,Barranquilla,1
2677,54,1149,Femenino,Barranquilla,1
2678,40,6157,Femenino,Bogotá,0
2679,59,5713,Femenino,Bogotá,1
2680,18,5391,Femenino,Cartagena,1
2681,42,1020,Femenino,Bogotá,1
2682,45,3928,Femenino,Medellín,0
2683,29,3658,Masculino,Bogotá,1
2684,27,4299,Masculino,Barranquilla,0
2685,51,6185,Femenino,Cali,0
2686,53,6954,Femenino,Cali,1
2687,30,1835,Femenino,Cartagena,0
2688,24,1777,Masculino,Bogotá,0
2689,59,2841,Masculino,Bogotá,1
2690,60,5706,Femenino,Cartagena,0
2691,34,2369,Masculino,Bogotá,0
2692,58,1851,Femenino,Cali,1
2693,52,953,Femenino,Barranquilla,1
2694,19,6474,Femenino,Cartagena,0
2695,26,7052,Masculino,Bogotá,1
2696,35,6308,Masculino,Cali,1
2697,47,5661,Femenino,Bogotá,1
2698,62,1525,Masculino,Cali,1
2699,28,5464,Femenino,Cali,0
2700,40,3720,Masculino,Bogotá,1
2701,24,7479,Masculino,Cartagena,0
2702,49,3007,Femenino,Bogotá,1
2703,25,4397,Masculino,Barranquilla,0
2704,42,3215,Masculino,Bogotá,1
2705,54,815,Masculino,Cartagena,1
2706,62,4606,Femenino,Medellín,1
2707,50,5206,Femenino,Medellín,1
2708,33,1465,Masculino,Bogotá,1
2709,41,4580,Femenino,Cali,1
2710,60,6352,Femenino,Cali,1
2711,36,2727,Femenino,Cartagena,0
2712,41,3612,Masculino,Medellín,0
2713,52,3033,Masculino,Barranquilla,0
2714,64,1082,Masculino,Cali,1
2715,51,5130,Masculino,Barranquilla,1
2716,22,3716,Femenino,Barranquilla,0
2717,31,2803,Masculino,Medellín,0
2718,27,3837,Femenino,Cartagena,0
2719,18,3839,Masculino,Bogotá,1
2720,53,5027,Masculino,Cali,1
2721,27,7903,Femenino,Medellín,1
2722,56,3732,Masculino,Barranquilla,0
2723,27,2423,Femenino,Medellín,0
2724,25,7615,Masculino,Medellín,0
2725,48,5118,Masculino,Cartagena,0
2726,61,2427,Masculino,Barranquilla,1
2727,28,2869,Masculino,Bogotá,1
2728,37,5276,Femenino,Cali,1
2729,19,4030,Femenino,Bogotá,1
2730,42,4084,Femenino,Barranquilla,1
2731,35,6171,Femenino,Medellín,0
2732,19,2593,Masculino,Medellín,1
2733,45,3488,Femenino,Medellín,1
2734,52,2787,Masculino,Barranquilla,0
2735,36,5419,Femenino,Barranquilla,0
2736,38,2427,Femenino,Barranquilla,0
2737,20,3090,Femenino,Medellín,1
2738,42,1070,Masculino,Cartagena,0
2739,45,6755,Femenino,Barranquilla,1
2740,41,3716,Femenino,Bogotá,1
2741,48,6378,Masculino,Cartagena,1
2742,39,5018,Masculino,Medellín,1
2743,44,6979,Masculino,Cartagena,0
2744,19,3753,Masculino,Medellín,1
2745,18,7770,Masculino,Bogotá,1
2746,41,6175,Masculino,Cartagena,0
2747,45,5099,Femenino,Medellín,0
2748,48,1205,Masculino,Cali,0
2749,61,1483,Masculino,Cartagena,0
2750,23,4580,Masculino,Medellín,0
2751,25,4563,Masculino,Barranquilla,0
2752,52,5870,Femenino,Barranquilla,1
2753,31,5288,Femenino,Cartagena,1
2754,53,4270,Masculino,Cali,0
2755,55,5526,Masculino,Medellín,0
2756,28,5005,Masculino,Medellín,0
2757,36,7195,Masculino,Cali,0
2758,60,6304,Masculino,Cali,1
2759,55,2765,Masculino,Bogotá,0
2760,31,5266,Masculino,Cartagena,1
2761,20,4533,Masculino,Cali,0
2762,61,2867,Masculino,Cartagena,0
2763,53,4428,Femenino,Cartagena,0
2764,20,1976,Masculino,Cali,1
2765,30,5868,Femenino,Barranquilla,0
2766,57,7290,Femenino,Cali,1
2767,23,7930,Masculino,Medellín,0
2768,31,1697,Masculino,Barranquilla,0
2769,38,5561,Masculino,Cali,1
2770,55,1511,Femenino,Cartagena,0
2771,20,2426,Femenino,Cali,0
2772,45,2343,Masculino,Barranquilla,0
2773,59,846,Masculino,Medellín,0
2774,19,4150,Masculino,Barranquilla,0
2775,51,1192,Masculino,Cali,0
2776,42,6167,Femenino,Barranquilla,1
2777,43,1550,Femenino,Medellín,0
2778,52,2488,Masculino,Cartagena,0
2779,36,1744,Masculino,Cali,0
2780,57,3865,Femenino,Cali,1
2781,40,5514,Femenino,Medellín,1
2782,41,6350,Masculino,Cali,0
2783,37,6264,Femenino,Medellín,1
2784,30,6638,Masculino,Cali,1
2785,19,7058,Masculino,Cartagena,0
2786,54,1389,Masculino,Cali,0
2787,40,917,Masculino,Bogotá,0
2788,25,1634,Masculino,Bogotá,1
2789,41,6048,Femenino,Medellín,1
2790,60,4448,Femenino,Cali,1
2791,51,4586,Masculino,Barranquilla,0
2792,23,1943,Masculino,Cali,1
2793,35,5315,Masculino,Cali,1
2794,57,3616,Femenino,Medellín,0
2795,32,2390,Masculino,Cartagena,1
2796,65,3182,Femenino,Bogotá,1
2797,59,3782,Masculino,Cali,1
2798,24,1080,Masculino,Cali,0
2799,37,909,Masculino,Cartagena,0
2800,64,5044,Femenino,Barranquilla,0
2801,53,1267,Masculino,Barranquilla,1
2802,23,7260,Femenino,Cali,0
2803,37,6115,Femenino,Cartagena,1
2804,32,1383,Femenino,Medellín,0
2805,50,6177,Femenino,Cali,1
2806,61,1994,Masculino,Cartagena,0
2807,56,4639,Masculino,Barranquilla,0
2808,63,1963,Masculino,Cartagena,1
2809,33,4555,Masculino,Barranquilla,0
2810,61,4761,Femenino,Cali,0
2811,44,933,Masculino,Cali,1
2812,42,5717,Femenino,Medellín,1
2813,50,7154,Femenino,Cali,1
2814,33,6371,Femenino,Barranquilla,0
2815,27,3767,Masculino,Cartagena,1
2816,35,6927,Femenino,Medellín,1
2817,45,7075,Masculino,Cartagena,0
2818,38,1558,Masculino,Cartagena,1
2819,43,3367,Femenino,Medellín,0
2820,32,3751,Femenino,Medellín,0
2821,33,2979,Femenino,Bogotá,1
2822,26,3904,Masculino,Medellín,0
2823,57,1342,Femenino,Barranquilla,1
2824,19,5946,Femenino,Cali,1
2825,34,2484,Masculino,Bogotá,1
2826,63,6904,Masculino,Cali,1
2827,25,3087,Femenino,Cartagena,1
2828,61,3053,Masculino,Cali,0
2829,42,1249,Femenino,Barranquilla,1
2830,34,7340,Femenino,Medellín,1
2831,60,6762,Femenino,Bogotá,0
2832,49,3324,Masculino,Medellín,0
2833,48,4573,Femenino,Cali,1
2834,59,7032,Femenino,Cali,1
2835,32,897,Masculino,Medellín,0
2836,38,2304,Femenino,Medellín,1
2837,32,1347,Masculino,Medellín,1
2838,46,4493,Masculino,Bogotá,0
2839,25,2826,Masculino,Cali,1
2840,31,6086,Masculino,Cali,1
2841,20,6467,Masculino,Medellín,0
2842,62,3123,Masculino,Cartagena,0
2843,36,2598,Femenino,Bogotá,1
2844,64,7997,Femenino,Cali,1
2845,47,2346,Femenino,Cali,0
2846,34,3316,Femenino,Barranquilla,0
2847,27,6720,Masculino,Cali,1
2848,19,7439,Masculino,Medellín,0
2849,45,1021,Femenino,Cali,0
2850,38,4944,Femenino,Barranquilla,0
2851,27,4140,Masculino,Barranquilla,1
2852,30,6827,Masculino,Cali,0
2853,35,2354,Femenino,Cali,1
2854,43,2541,Masculino,Medellín,1
2855,50,4446,Femenino,Bogotá,1
2856,52,2386,Masculino,Cartagena,0
2857,41,4420,Masculino,Barranquilla,1
2858,27,2911,Masculino,Bogotá,1
2859,24,6098,Femenino,Medellín,0
2860,47,6987,Masculino,Cartagena,1
2861,46,7847,Masculino,Bogotá,0
2862,63,5319,Masculino,Barranquilla,1
2863,25,5569,Femenino,Medellín,1
2864,19,5015,Femenino,Cartagena,0
2865,32,4091,Femenino,Cali,1
2866,34,1005,Femenino,Cali,1
2867,49,2545,Femenino,Bogotá,1
2868,29,5788,Masculino,Cali,0
2869,41,2467,Femenino,Barranquilla,1
2870,56,3017,Masculino,Barranquilla,0
2871,43,7598,Femenino,Medellín,1
2872,18,2506,Masculino,Cali,1
2873,60,3305,Masculino,Bogotá,1
2874,40,1892,Masculino,Cali,1
2875,51,1105,Femenino,Bogotá,0
2876,30,7846,Femenino,Medellín,0
2877,39,7154,Masculino,Barranquilla,0
2878,34,3370,Femenino,Bogotá,1
2879,47,3602,Masculino,Cali,1
2880,26,5685,Masculino,Cali,1
2881,62,7156,Masculino,Bogotá,1
2882,18,2538,Masculino,Barranquilla,1
2883,33,3496,Femenino,Medellín,1
2884,65,7624,Femenino,Cartagena,0
2885,33,5700,Masculino,Cartagena,0
2886,51,7825,Masculino,Bogotá,0
2887,60,2509,Femenino,Medellín,0
2888,33,4843,Masculino,Medellín,0
2889,18,4879,Femenino,Medellín,1
2890,48,2054,Masculino,Bogotá,1
2891,30,2458,Femenino,Medellín,0
2892,37,4521,Femenino,Cali,0
2893,49,2115,Masculino,Bogotá,0
2894,24,3016,Masculino,Barranquilla,1
2895,58,7659,Femenino,Cartagena,1
2896,31,6075,Femenino,Bogotá,0
2897,58,5769,Femenino,Barranquilla,0
2898,64,2819,Femenino,Bogotá,1
2899,60,7474,Femenino,Barranquilla,0
2900,23,5766,Femenino,Cali,1
2901,51,4669,Masculino,Barranquilla,0
2902,36,6330,Femenino,Cali,1
2903,27,5104,Masculino,Bogotá,1
2904,26,7981,Femenino,Cali,0
2905,43,7400,Femenino,Medellín,0
2906,62,2488,Femenino,Barranquilla,0
2907,23,940,Femenino,Medellín,0
2908,32,4840,Femenino,Barranquilla,1
2909,23,6427,Femenino,Bogotá,0
2910,54,5450,Femenino,Cartagena,0
2911,27,5244,Femenino,Barranquilla,0
2912,53,2853,Masculino,Cali,1
2913,30,6414,Masculino,Cali,0
2914,44,3981,Masculino,Barranquilla,0
2915,59,3981,Masculino,Barranquilla,1
2916,47,1214,Femenino,Cartagena,1
2917,38,1564,Masculino,Barranquilla,1
2918,20,3291,Masculino,Bogotá,1
2919,29,2740,Femenino,Cartagena,0
2920,43,1882,Femenino,Cartagena,0
2921,43,2447,Femenino,Medellín,1
2922,53,3464,Femenino,Barranquilla,1
2923,60,2721,Femenino,Cali,0
2924,29,7039,Masculino,Medellín,1
2925,26,7943,Femenino,Cali,0
2926,31,2764,Masculino,Barranquilla,1
2927,65,4830,Femenino,Barranquilla,1
2928,26,6726,Femenino,Barranquilla,0
2929,64,7876,Masculino,Cali,0
2930,62,7211,Femenino,Barranquilla,0
2931,18,3787,Femenino,Barranquilla,0
2932,53,1630,Femenino,Medellín,0
2933,20,2770,Masculino,Barranquilla,1
2934,38,1448,Femenino,Cartagena,0
2935,38,2035,Femenino,Cartagena,0
2936,28,6335,Masculino,Barranquilla,1
2937,20,7928,Femenino,Bogotá,0
2938,48,7608,Femenino,Cali,1
2939,30,6877,Masculino,Medellín,0
2940,47,6784,Femenino,Cartagena,1
2941,63,7500,Masculino,Barranquilla,0
2942,32,3420,Masculino,Barranquilla,1
2943,62,6784,Femenino,Bogotá,0
2944,62,5047,Femenino,Cali,0
2945,51,6984,Femenino,Cali,1
2946,65,3924,Femenino,Cartagena,0
2947,49,6628,Masculino,Barranquilla,0
2948,63,7914,Femenino,Bogotá,0
2949,30,5516,Femenino,Bogotá,1
2950,25,3669,Femenino,Cali,0
2951,41,2777,Masculino,Barranquilla,0
2952,52,1640,Masculino,Cartagena,1
2953,43,5389,Masculino,Barranquilla,0
2954,57,4065,Masculino,Cali,1
2955,29,2926,Femenino,Barranquilla,1
2956,37,6998,Femenino,Cartagena,1
2957,41,7385,Masculino,Barranquilla,1
2958,48,4610,Masculino,Cartagena,0
2959,59,4354,Masculino,Barranquilla,0
2960,42,4172,Masculino,Cartagena,1
2961,21,3104,Masculino,Barranquilla,0
2962,56,5471,Masculino,Medellín,0
2963,37,7385,Femenino,Bogotá,1
2964,24,2240,Femenino,Barranquilla,1
2965,48,6388,Masculino,Cali,1
2966,60,1377,Femenino,Cali,0
2967,44,7941,Femenino,Medellín,0
2968,57,7722,Masculino,Bogotá,1
2969,37,1320,Masculino,Medellín,0
2970,50,1962,Masculino,Cali,0
2971,34,4832,Femenino,Cali,0
2972,24,4313,Femenino,Cartagena,0
2973,47,2254,Femenino,Medellín,0
2974,18,971,Masculino,Barranquilla,0
2975,44,855,Masculino,Cartagena,1
2976,50,5718,Masculino,Cali,0
2977,59,2808,Masculino,Barranquilla,1
2978,37,2494,Femenino,Medellín,1
2979,19,3660,Masculino,Medellín,0
2980,58,6643,Femenino,Cartagena,0
2981,51,2945,Femenino,Medellín,0
2982,46,5175,Masculino,Bogotá,1
2983,51,4950,Masculino,Cali,1
2984,27,2461,Masculino,Cartagena,1
2985,19,6929,Masculino,Cartagena,0
2986,57,6885,Masculino,Medellín,0
2987,21,3579,Masculino,Barranquilla,1
2988,28,6047,Femenino,Barranquilla,1
2989,22,2865,Masculino,Cartagena,1
2990,23,3190,Masculino,Cartagena,0
2991,58,3843,Femenino,Cartagena,1
2992,38,7911,Femenino,Medellín,0
2993,59,5994,Femenino,Medellín,1
2994,30,1676,Femenino,Bogotá,0
2995,25,2753,Femenino,Bogotá,0
2996,29,3219,Femenino,Cartagena,0
2997,28,7542,Femenino,Cali,1
2998,37,2098,Femenino,Cali,1
2999,42,7470,Masculino,Cartagena,1
3000,37,5493,Femenino,Medellín,0
